"old_url","new_path","kind","note"
"https://rempireshop.com/agents.md","/shop/","other",""
"https://rempireshop.com/","/shop/","home",""
"https://rempireshop.com/products/handmade-soap-666","/shop/p/handmade-soap-666/","product",""
"https://rempireshop.com/products/handmade-soap-rule-nr-1","/shop/p/handmade-soap-rule-nr-1/","product",""
"https://rempireshop.com/products/delivery","/shop/","product","product-not-in-v1"
"https://rempireshop.com/products/deep-cut-t-shirt-with-an-extended-back","/shop/p/deep-cut-t-shirt-with-an-extended-back/","product",""
"https://rempireshop.com/products/king-of-the-night-deep-cut-t-shirt-with-an-extended-back","/shop/p/king-of-the-night-deep-cut-t-shirt-with-an-extended-back/","product",""
"https://rempireshop.com/products/three-kings","/shop/p/three-kings/","product",""
"https://rempireshop.com/products/free-hold","/shop/p/free-hold/","product",""
"https://rempireshop.com/products/maxi-wash","/shop/p/maxi-wash/","product",""
"https://rempireshop.com/products/stimulate-me-wash","/shop/","product","product-not-in-v1"
"https://rempireshop.com/products/stimulate-me-rinse","/shop/","product","product-not-in-v1"
"https://rempireshop.com/products/thick-again","/shop/","product","product-not-in-v1"
"https://rempireshop.com/products/easy-rider","/shop/p/easy-rider/","product",""
"https://rempireshop.com/products/night-rider","/shop/p/night-rider/","product",""
"https://rempireshop.com/products/rough-rider","/shop/p/rough-rider/","product",""
"https://rempireshop.com/products/super-goo","/shop/p/super-goo/","product",""
"https://rempireshop.com/products/killer-waves","/shop/","product","product-not-in-v1"
"https://rempireshop.com/products/killer-curls","/shop/p/killer-curls/","product",""
"https://rempireshop.com/products/leave-in-repair","/shop/","product","product-not-in-v1"
"https://rempireshop.com/products/repair-me-rinse","/shop/","product","product-not-in-v1"
"https://rempireshop.com/products/touchable","/shop/p/touchable/","product",""
"https://rempireshop.com/products/repair-me-wash","/shop/p/repair-me-wash/","product",""
"https://rempireshop.com/products/cbd-daily-shampoo","/shop/","product","product-not-in-v1"
"https://rempireshop.com/products/cbd-daily-conditioner","/shop/","product","product-not-in-v1"
"https://rempireshop.com/products/system-4-special-shampoo-1","/shop/p/system-4-special-shampoo-1/","product",""
"https://rempireshop.com/products/system-4-balancing-shampoo-2","/shop/p/system-4-balancing-shampoo-2/","product",""
"https://rempireshop.com/products/system-4-shale-oil-shampoo-4","/shop/","product","product-not-in-v1"
"https://rempireshop.com/products/system-4-hydro-care-conditioner-h","/shop/p/system-4-hydro-care-conditioner-h/","product",""
"https://rempireshop.com/products/sim-sensitive-system-4-oil-cure-scalp-treatment-o","/shop/p/sim-sensitive-system-4-oil-cure-scalp-treatment-o/","product",""
"https://rempireshop.com/products/sim-sensitive-system-4-scalp-tonic-t","/shop/p/sim-sensitive-system-4-scalp-tonic-t/","product",""
"https://rempireshop.com/products/sim-sensitive-system-4-chitosan-hair-repair-r","/shop/p/sim-sensitive-system-4-chitosan-hair-repair-r/","product",""
"https://rempireshop.com/products/system-4-mild-shampoo-3","/shop/p/system-4-mild-shampoo-3/","product",""
"https://rempireshop.com/products/system-4-moisture-scalp-lotion-m","/shop/","product","product-not-in-v1"
"https://rempireshop.com/products/system-4-bio-botanical-serum","/shop/p/system-4-bio-botanical-serum/","product",""
"https://rempireshop.com/products/system-4-bio-botanical-shampoo","/shop/p/system-4-bio-botanical-shampoo/","product",""
"https://rempireshop.com/products/system-4-bio-botanical-vital-cure","/shop/p/system-4-bio-botanical-vital-cure/","product",""
"https://rempireshop.com/products/powder-puff","/shop/p/powder-puff/","product",""
"https://rempireshop.com/products/hair-resort-spray","/shop/p/hair-resort-spray/","product",""
"https://rempireshop.com/products/bedroom-hair","/shop/","product","product-not-in-v1"
"https://rempireshop.com/products/heated-defense","/shop/","product","product-not-in-v1"
"https://rempireshop.com/products/blow-dry-ever-smooth","/shop/","product","product-not-in-v1"
"https://rempireshop.com/products/doo-over","/shop/","product","product-not-in-v1"
"https://rempireshop.com/products/anti-gravity","/shop/","product","product-not-in-v1"
"https://rempireshop.com/products/anti-gravity-spray","/shop/","product","product-not-in-v1"
"https://rempireshop.com/products/killer-curls-wash","/shop/p/killer-curls-wash/","product",""
"https://rempireshop.com/products/killer-curls-rinse","/shop/p/killer-curls-rinse/","product",""
"https://rempireshop.com/products/hair-resort","/shop/p/hair-resort/","product",""
"https://rempireshop.com/products/queen-of-colours","/shop/","product","product-not-in-v1"
"https://rempireshop.com/products/kevin-murphy-killer-twirls","/shop/p/kevin-murphy-killer-twirls/","product",""
"https://rempireshop.com/products/kevin-murphy-motion-lotion","/shop/p/kevin-murphy-motion-lotion/","product",""
"https://rempireshop.com/products/lumin-skin-charcoal-scrub-deep-detox","/shop/p/lumin-skin-charcoal-scrub-deep-detox/","product",""
"https://rempireshop.com/products/lumin-skin-dark-circle-defense-balm","/shop/p/lumin-skin-dark-circle-defense-balm/","product",""
"https://rempireshop.com/products/lumin-skin-charcoal-face-wash-daily-detox","/shop/p/lumin-skin-charcoal-face-wash-daily-detox/","product",""
"https://rempireshop.com/products/lumin-skin-wrinkle-defense-serum","/shop/p/lumin-skin-wrinkle-defense-serum/","product",""
"https://rempireshop.com/products/lumin-skin-recovery-oil","/shop/p/lumin-skin-recovery-oil/","product",""
"https://rempireshop.com/products/lumin-skin-keratin-fortifying-conditioner","/shop/","product","product-not-in-v1"
"https://rempireshop.com/products/captain-fawcett-beard-oil-cf-332-private-stock","/shop/p/captain-fawcett-beard-oil-cf-332-private-stock/","product",""
"https://rempireshop.com/products/captain-fawcett-whisky-beard-oil","/shop/","product","product-not-in-v1"
"https://rempireshop.com/products/captain-fawcett-triumphant-beard-oil","/shop/","product","product-not-in-v1"
"https://rempireshop.com/products/captain-fawcett-ricki-hall-booze-baccy-beard-oil","/shop/","product","product-not-in-v1"
"https://rempireshop.com/products/captain-fawcett-barberism%C2%AE-beard-oil","/shop/","product","product-not-in-v1"
"https://rempireshop.com/products/captain-fawcett-nebula-john-petrucci-beard-oil","/shop/","product","product-not-in-v1"
"https://rempireshop.com/products/captain-fawcett-maharajah-beard-oil","/shop/","product","product-not-in-v1"
"https://rempireshop.com/products/captain-fawcett-sea-salt-spray","/shop/","product","product-not-in-v1"
"https://rempireshop.com/products/captain-fawcett-barberism%C2%AE-moustache-wax","/shop/","product","product-not-in-v1"
"https://rempireshop.com/products/captain-fawcett-ricki-hall-booze-baccy-moustache-wax","/shop/","product","product-not-in-v1"
"https://rempireshop.com/products/captain-fawcett-nebula-moustache-wax","/shop/","product","product-not-in-v1"
"https://rempireshop.com/products/captain-fawcett-ricki-hall-booze-baccy-beard-balm","/shop/","product","product-not-in-v1"
"https://rempireshop.com/products/captain-fawcett-sid-sottung-barberism%C2%AE-beard-balm","/shop/","product","product-not-in-v1"
"https://rempireshop.com/products/captain-fawcett-nebula-john-petrucci-beard-balm","/shop/","product","product-not-in-v1"
"https://rempireshop.com/products/kevin-muprhy-blonde-angel-wash","/shop/","product","product-not-in-v1"
"https://rempireshop.com/products/kevin-murphy-blonde-angel","/shop/","product","product-not-in-v1"
"https://rempireshop.com/products/kevin-murphy-angel-rinse","/shop/","product","product-not-in-v1"
"https://rempireshop.com/products/kevin-murphy-angel-wash","/shop/","product","product-not-in-v1"
"https://rempireshop.com/products/kevin-murphy-hydrate-me-rinse","/shop/","product","product-not-in-v1"
"https://rempireshop.com/products/kevin-muprhy-hydrate-me-wash","/shop/","product","product-not-in-v1"
"https://rempireshop.com/products/kevin-murphy-shimmer-me-blonde","/shop/","product","product-not-in-v1"
"https://rempireshop.com/products/dead-head-butterfly","/shop/","product","product-not-in-v1"
"https://rempireshop.com/products/davines-hair-beard-body-wash","/shop/p/davines-hair-beard-body-wash/","product",""
"https://rempireshop.com/products/davines-medium-hold-styling-paste","/shop/p/davines-medium-hold-styling-paste/","product",""
"https://rempireshop.com/products/davines-non-foaming-transparent-shaving-gel","/shop/p/davines-non-foaming-transparent-shaving-gel/","product",""
"https://rempireshop.com/products/davines-softening-shaving-gel","/shop/p/davines-softening-shaving-gel/","product",""
"https://rempireshop.com/products/davines-pre-shaving-beard-oil","/shop/p/davines-pre-shaving-beard-oil/","product",""
"https://rempireshop.com/products/davines-pasta-love-strong-hold-mat-clay","/shop/p/davines-pasta-love-strong-hold-mat-clay/","product",""
"https://rempireshop.com/products/kevin-muprhy-plumping-wash","/shop/","product","product-not-in-v1"
"https://rempireshop.com/products/kevin-muprhy-plumping-rinse","/shop/","product","product-not-in-v1"
"https://rempireshop.com/products/kevin-muprhy-shimmer-shine","/shop/","product","product-not-in-v1"
"https://rempireshop.com/products/kevin-murphy-young-again-wash","/shop/","product","product-not-in-v1"
"https://rempireshop.com/products/kevin-murphy-young-again-rinse","/shop/","product","product-not-in-v1"
"https://rempireshop.com/products/kevin-murphy-young-again-masque","/shop/","product","product-not-in-v1"
"https://rempireshop.com/products/kevin-murphy-young-again-oil","/shop/","product","product-not-in-v1"
"https://rempireshop.com/products/kevin-murphy-staying-alive-spray","/shop/","product","product-not-in-v1"
"https://rempireshop.com/products/kevin-murphy-smooth-again-rinse","/shop/","product","product-not-in-v1"
"https://rempireshop.com/products/kevin-murphy-smooth-again","/shop/","product","product-not-in-v1"
"https://rempireshop.com/products/kevin-murphy-hydrate-me-masque","/shop/","product","product-not-in-v1"
"https://rempireshop.com/products/kevin-murphy-everlasting-colour-wash","/shop/","product","product-not-in-v1"
"https://rempireshop.com/products/kevin-murphy-everlasting-colour-rinse","/shop/","product","product-not-in-v1"
"https://rempireshop.com/products/kevin-murphy-everlasting-colour-leave-in","/shop/","product","product-not-in-v1"
"https://rempireshop.com/products/kevin-murphy-body-mass","/shop/","product","product-not-in-v1"
"https://rempireshop.com/products/kevin-murphy-crystal-angel","/shop/","product","product-not-in-v1"
"https://rempireshop.com/products/kevin-murphy-blow-dry-rinse","/shop/","product","product-not-in-v1"
"https://rempireshop.com/products/kevin-murphy-blow-dry-wash","/shop/p/kevin-murphy-blow-dry-wash/","product",""
"https://rempireshop.com/products/kevin-murphy-full-again","/shop/p/kevin-murphy-full-again/","product",""
"https://rempireshop.com/products/kevin-murphy-un-tangled-spray","/shop/p/kevin-murphy-un-tangled-spray/","product",""
"https://rempireshop.com/products/kevin-murphy-session-spray-flex","/shop/","product","product-not-in-v1"
"https://rempireshop.com/products/kevin-murphy-session-spray","/shop/","product","product-not-in-v1"
"https://rempireshop.com/products/davines-the-renaissance-circle","/shop/","product","product-not-in-v1"
"https://rempireshop.com/products/davines-the-restless-circle","/shop/","product","product-not-in-v1"
"https://rempireshop.com/products/davines-the-spotlight-circle","/shop/","product","product-not-in-v1"
"https://rempireshop.com/products/davines-the-quick-fix-circle","/shop/","product","product-not-in-v1"
"https://rempireshop.com/products/kevin-murphy-angel-masque","/shop/","product","product-not-in-v1"
"https://rempireshop.com/products/davines-rebalancing-shampoo","/shop/","product","product-not-in-v1"
"https://rempireshop.com/products/davines-replumping-shampoo","/shop/","product","product-not-in-v1"
"https://rempireshop.com/products/davines-energizing-shampoo","/shop/","product","product-not-in-v1"
"https://rempireshop.com/products/davines-purifying-shampoo","/shop/","product","product-not-in-v1"
"https://rempireshop.com/products/davines-nourishing-shampoo","/shop/","product","product-not-in-v1"
"https://rempireshop.com/products/davines-calming-shampoo","/shop/","product","product-not-in-v1"
"https://rempireshop.com/products/davines-detoxifying-scrub-shampoo","/shop/","product","product-not-in-v1"
"https://rempireshop.com/products/davines-wellbeing-shampoo","/shop/","product","product-not-in-v1"
"https://rempireshop.com/products/davines-renewing-shampoo","/shop/","product","product-not-in-v1"
"https://rempireshop.com/products/young-again-dry-conditioner","/shop/","product","product-not-in-v1"
"https://rempireshop.com/products/kevin-murphy-fresh-hair-1","/shop/","product","product-not-in-v1"
"https://rempireshop.com/products/kevin-murphy-smooth-again-wash","/shop/","product","product-not-in-v1"
"https://rempireshop.com/products/cosrx-aloe-sun-cream","/shop/","product","product-not-in-v1"
"https://rempireshop.com/products/cosrx-advanced-snail-96-mucin-power-essence","/shop/p/cosrx-advanced-snail-96-mucin-power-essence/","product",""
"https://rempireshop.com/products/cosrx-advanced-snail-hydrogel-eye-patch-60pcs","/shop/","product","product-not-in-v1"
"https://rempireshop.com/products/cosrx-advanced-snail-92-all-in-one-cream","/shop/p/cosrx-advanced-snail-92-all-in-one-cream/","product",""
"https://rempireshop.com/products/anua-heartleaf-77-soothing-toner","/shop/p/anua-heartleaf-77-soothing-toner/","product",""
"https://rempireshop.com/products/laneige-cica-sleeping-mask","/shop/","product","product-not-in-v1"
"https://rempireshop.com/products/gummy-sheet-mask-madecassoside-sticker","/shop/p/gummy-sheet-mask-madecassoside-sticker/","product",""
"https://rempireshop.com/products/real-nature-green-tea-mask-sheet","/shop/","product","product-not-in-v1"
"https://rempireshop.com/products/gatsby-moving-rubber-wild-shake-15g","/shop/p/gatsby-moving-rubber-wild-shake-15g/","product",""
"https://rempireshop.com/products/gatsby-moving-rubber-hair-wax-80g","/shop/","product","product-not-in-v1"
"https://rempireshop.com/products/body-builder","/shop/p/body-builder/","product",""
"https://rempireshop.com/products/oversized-t-shirt-unisex","/shop/p/oversized-t-shirt-unisex/","product",""
"https://rempireshop.com/products/oversized-t-shirt-unisex-with-print","/shop/","product","product-not-in-v1"
"https://rempireshop.com/products/siim-hanikat-x-rempire","/shop/p/siim-hanikat-x-rempire/","product",""
"https://rempireshop.com/products/kevin-murphy-re-store","/shop/","product","product-not-in-v1"
"https://rempireshop.com/products/proraso-beard-oil-wood-spice-cedar-wood-citrus-fragrance-30ml","/shop/p/proraso-beard-oil-wood-spice-cedar-wood-citrus-fragrance-30ml/","product",""
"https://rempireshop.com/products/proraso-beard-oil-cypress-vetyver-30ml","/shop/p/proraso-beard-oil-cypress-vetyver-30ml/","product",""
"https://rempireshop.com/products/proraso-beard-oil-green-refreshing-30ml","/shop/p/proraso-beard-oil-green-refreshing-30ml/","product",""
"https://rempireshop.com/products/proraso-beard-oil-azur-lime-30ml","/shop/p/proraso-beard-oil-azur-lime-30ml/","product",""
"https://rempireshop.com/products/proraso-green-refreshing-aftershave-lotion-menthol-splash-100ml","/shop/p/proraso-green-refreshing-aftershave-lotion-menthol-splash-100ml/","product",""
"https://rempireshop.com/products/proraso-red-nourishing-aftershave-lotion-100ml","/shop/p/proraso-red-nourishing-aftershave-lotion-100ml/","product",""
"https://rempireshop.com/products/proraso-aftershave-balm-green-refreshing-alcohol-free-mentholated-100ml","/shop/p/proraso-aftershave-balm-green-refreshing-alcohol-free-mentholated-100ml/","product",""
"https://rempireshop.com/products/proraso-blue-protect-aftershave-balm-aloe-and-vitamin-e-100ml","/shop/p/proraso-blue-protect-aftershave-balm-aloe-and-vitamin-e-100ml/","product",""
"https://rempireshop.com/products/proraso-white-aftershave-balm-soothing-for-sensitive-skin-100ml","/shop/p/proraso-white-aftershave-balm-soothing-for-sensitive-skin-100ml/","product",""
"https://rempireshop.com/products/captain-fawcett-expedition-reserve-matt-styling-and-volumising-hair-powder","/shop/","product","product-not-in-v1"
"https://rempireshop.com/products/cosrx-aha-bha-clarifying-treatment-toner","/shop/p/cosrx-aha-bha-clarifying-treatment-toner/","product",""
"https://rempireshop.com/products/cosrx-low-ph-good-morning-gel-cleanser","/shop/p/cosrx-low-ph-good-morning-gel-cleanser/","product",""
"https://rempireshop.com/products/cosrx-full-fit-propolis-synergy-toner","/shop/p/cosrx-full-fit-propolis-synergy-toner/","product",""
"https://rempireshop.com/products/anua-heartleaf-pore-control-cleansing-oil","/shop/p/anua-heartleaf-pore-control-cleansing-oil/","product",""
"https://rempireshop.com/products/gatsby-moving-rubber-grunge-mat-grey-hair-wax","/shop/p/gatsby-moving-rubber-grunge-mat-grey-hair-wax/","product",""
"https://rempireshop.com/products/kilian-unisex-kologne-shield-of-protection-eau-de-parfum-spray-50ml","/shop/","product","product-not-in-v1"
"https://rempireshop.com/products/tom-ford-neroli-port-eau-de-parfum-spray-50ml","/shop/p/tom-ford-neroli-port-eau-de-parfum-spray-50ml/","product",""
"https://rempireshop.com/products/tom-ford-black-orchid-eau-de-perfume-spray-100ml","/shop/p/tom-ford-black-orchid-eau-de-perfume-spray-100ml/","product",""
"https://rempireshop.com/products/creed-aventus-eau-de-parfum-for-men-50ml","/shop/p/creed-aventus-eau-de-parfum-for-men-50ml/","product",""
"https://rempireshop.com/products/byredo-blanche-50ml","/shop/p/byredo-blanche-50ml/","product",""
"https://rempireshop.com/products/baccarat-rouge-540-eau-de-parfum-70ml","/shop/","product","product-not-in-v1"
"https://rempireshop.com/products/yumain-tattoo-cream","/shop/","product","product-not-in-v1"
"https://rempireshop.com/products/yumain-tattoo-balm-the-ultimate-care-for-your-tattoos","/shop/","product","product-not-in-v1"
"https://rempireshop.com/products/yumain-aftercare-washing-foam-expert-care-for-your-tattoos","/shop/","product","product-not-in-v1"
"https://rempireshop.com/products/byredo-mojave-ghost-eau-de-parfum-spray-50ml","/shop/","product","product-not-in-v1"
"https://rempireshop.com/products/anua-heartleaf-quercetinol-pore-deep-cleansing-foam","/shop/p/anua-heartleaf-quercetinol-pore-deep-cleansing-foam/","product",""
"https://rempireshop.com/products/anua-niacinamide-10-txa-4-serum","/shop/p/anua-niacinamide-10-txa-4-serum/","product",""
"https://rempireshop.com/products/anua-bha-2-gentle-exfoliating-toner-150ml","/shop/p/anua-bha-2-gentle-exfoliating-toner-150ml/","product",""
"https://rempireshop.com/products/mandom-gatsby-moving-rubber","/shop/p/mandom-gatsby-moving-rubber/","product",""
"https://rempireshop.com/products/roja-scandal-parfum-pour-femme-50ml","/shop/p/roja-scandal-parfum-pour-femme-50ml/","product",""
"https://rempireshop.com/products/christian-dior-homme-intense-eau-de-parfum-50ml","/shop/p/christian-dior-homme-intense-eau-de-parfum-50ml/","product",""
"https://rempireshop.com/products/xerjoff-tony-iommi-monkey-special-50ml","/shop/p/xerjoff-tony-iommi-monkey-special-50ml/","product",""
"https://rempireshop.com/products/xerjoff-1861-naxos-eau-de-parfum-100ml","/shop/p/xerjoff-1861-naxos-eau-de-parfum-100ml/","product",""
"https://rempireshop.com/products/proraso-azur-lime-after-shave-balm-100-ml","/shop/p/proraso-azur-lime-after-shave-balm-100-ml/","product",""
"https://rempireshop.com/products/proraso-wood-spice-beard-balm-100ml","/shop/p/proraso-wood-spice-beard-balm-100ml/","product",""
"https://rempireshop.com/products/yumain-numb-serum-instant-pain-relief-for-tattoos","/shop/","product","product-not-in-v1"
"https://rempireshop.com/products/guerlain-aqua-allegoria-forte-bosca-vanilla-edp-125ml","/shop/p/guerlain-aqua-allegoria-forte-bosca-vanilla-edp-125ml/","product",""
"https://rempireshop.com/products/guerlain-habit-rouge-eau-de-parfum-100ml","/shop/p/guerlain-habit-rouge-eau-de-parfum-100ml/","product",""
"https://rempireshop.com/products/versace-man-fraiche-eau-de-toilette-for-men-100ml","/shop/p/versace-man-fraiche-eau-de-toilette-for-men-100ml/","product",""
"https://rempireshop.com/products/creed-creed-aventus-cologne-50ml","/shop/p/creed-creed-aventus-cologne-50ml/","product",""
"https://rempireshop.com/products/davines-naturaltech-nourishing-keratin-sealer-100-ml","/shop/","product","product-not-in-v1"
"https://rempireshop.com/products/davines-naturaltech-nourishing-keratin-booster-100ml","/shop/","product","product-not-in-v1"
"https://rempireshop.com/products/oversized-t-shirt-unisex-with-print-love-is-the-gun","/shop/p/oversized-t-shirt-unisex-with-print-love-is-the-gun/","product",""
"https://rempireshop.com/products/oversized-t-shirt-unisex-with-print-t-shirt-three-elements-fire","/shop/p/oversized-t-shirt-unisex-with-print-t-shirt-three-elements-fire/","product",""
"https://rempireshop.com/products/oversized-t-shirt-unisex-with-print-t-shirt-three-elements-water","/shop/p/oversized-t-shirt-unisex-with-print-t-shirt-three-elements-water/","product",""
"https://rempireshop.com/products/oversized-t-shirt-unisex-with-print-three-elements-air","/shop/","product","product-not-in-v1"
"https://rempireshop.com/products/kevin-murphy-night-shift-100ml","/shop/","product","product-not-in-v1"
"https://rempireshop.com/products/byredo-blanche-body-wash-225-ml-for-women","/shop/","product","product-not-in-v1"
"https://rempireshop.com/products/paul-mitchell-tea-tree-special-shampoo","/shop/","product","product-not-in-v1"
"https://rempireshop.com/products/paul-mitchell-tea-tree-special-conditioner","/shop/","product","product-not-in-v1"
"https://rempireshop.com/products/paul-mitchell-shampoo-two","/shop/","product","product-not-in-v1"
"https://rempireshop.com/products/paul-mitchell-tea-tree-lavender-mint-shampoo","/shop/","product","product-not-in-v1"
"https://rempireshop.com/products/paul-mitchell-awapuhi-shampoo","/shop/","product","product-not-in-v1"
"https://rempireshop.com/products/paul-mitchell-awapuhi-conditioner","/shop/","product","product-not-in-v1"
"https://rempireshop.com/products/paul-mitchell-color-protect-shampoo","/shop/","product","product-not-in-v1"
"https://rempireshop.com/products/paul-mitchell-color-protect-conditioner","/shop/","product","product-not-in-v1"
"https://rempireshop.com/products/paul-mitchell-sheer-hydration-conditioner","/shop/","product","product-not-in-v1"
"https://rempireshop.com/products/paul-mitchell-tea-tree-special-conditioner-1","/shop/","product","product-not-in-v1"
"https://rempireshop.com/products/paul-mitchell-sheer-hydration-shampoo","/shop/","product","product-not-in-v1"
"https://rempireshop.com/products/paul-mitchell-super-smooth-conditioner","/shop/","product","product-not-in-v1"
"https://rempireshop.com/products/paul-mitchell-super-smooth-shampoo","/shop/","product","product-not-in-v1"
"https://rempireshop.com/products/paul-mitchell-super-skinny-serum","/shop/p/paul-mitchell-super-skinny-serum/","product",""
"https://rempireshop.com/products/paul-mitchell-awapuhi-shampoo-1","/shop/","product","product-not-in-v1"
"https://rempireshop.com/products/paul-mitchell-awapuhi-wild-ginger-repair-cream-rinse","/shop/","product","product-not-in-v1"
"https://rempireshop.com/products/paul-mitchell-mitch-double-hitter-2-in-1-shampoo-conditioner","/shop/","product","product-not-in-v1"
"https://rempireshop.com/products/paul-mitchell-forever-blonde-shampoo","/shop/","product","product-not-in-v1"
"https://rempireshop.com/products/paul-mitchell-forever-blonde-conditioner","/shop/","product","product-not-in-v1"
"https://rempireshop.com/products/paul-mitchell-extra-body-daily-shampoo","/shop/","product","product-not-in-v1"
"https://rempireshop.com/products/paul-mitchell-curl-round-trip-defining-serum","/shop/","product","product-not-in-v1"
"https://rempireshop.com/products/paul-mitchell-curl-full-circle-leave-in-cream","/shop/","product","product-not-in-v1"
"https://rempireshop.com/products/paul-mitchell-curl-twirl-around-cream-serum","/shop/","product","product-not-in-v1"
"https://rempireshop.com/products/paul-mitchell-curl-refreshing-mist","/shop/","product","product-not-in-v1"
"https://rempireshop.com/products/paul-mitchell-curl-hydrating-foam","/shop/","product","product-not-in-v1"
"https://rempireshop.com/products/paul-mitchell-clear-essential-shampoo","/shop/","product","product-not-in-v1"
"https://rempireshop.com/products/paul-mitchell-clear-essential-conditioner","/shop/","product","product-not-in-v1"
"https://rempireshop.com/products/paul-mitchell-clear-styling-glaze","/shop/p/paul-mitchell-clear-styling-glaze/","product",""
"https://rempireshop.com/products/paul-mitchell-clear-smoothing-serum","/shop/","product","product-not-in-v1"
"https://rempireshop.com/products/paul-mitchell-clear-jelly-mask","/shop/","product","product-not-in-v1"
"https://rempireshop.com/products/paul-mitchell-curl-quick-slip-styling-cream","/shop/","product","product-not-in-v1"
"https://rempireshop.com/products/paul-mitchell-awapuhi-texturizing-sea-spray","/shop/","product","product-not-in-v1"
"https://rempireshop.com/products/paul-mitchell-mitch-construction-paste-flexible-styling-paste","/shop/p/paul-mitchell-mitch-construction-paste-flexible-styling-paste/","product",""
"https://rempireshop.com/products/paul-mitchell-mitch-steady-grip-styling-gel","/shop/p/paul-mitchell-mitch-steady-grip-styling-gel/","product",""
"https://rempireshop.com/pages/contact","/shop/info/contact","page",""
"https://rempireshop.com/pages/right-to-return","/shop/info/right-to-return","page",""
"https://rempireshop.com/pages/data-sharing-opt-out","/shop/info/data-sharing-opt-out","page",""
"https://rempireshop.com/collections/soap","/shop/","collection","map-manually:soap"
"https://rempireshop.com/collections/shop-all-1","/shop/","collection","map-manually:shop-all-1"
"https://rempireshop.com/collections/kevin-murphy","/shop/","collection","map-manually:kevin-murphy"
"https://rempireshop.com/collections/cosmetics","/shop/","collection","map-manually:cosmetics"
"https://rempireshop.com/collections/rempire-merch","/shop/","collection","map-manually:rempire-merch"
"https://rempireshop.com/collections/system-4","/shop/","collection","map-manually:system-4"
"https://rempireshop.com/collections/lumin-skin","/shop/","collection","map-manually:lumin-skin"
"https://rempireshop.com/collections/captain-fawcett","/shop/","collection","map-manually:captain-fawcett"
"https://rempireshop.com/collections/cbd-daily-haircare","/shop/","collection","map-manually:cbd-daily-haircare"
"https://rempireshop.com/collections/hair-care","/shop/","collection","map-manually:hair-care"
"https://rempireshop.com/collections/skin-care","/shop/","collection","map-manually:skin-care"
"https://rempireshop.com/collections/beard-care","/shop/","collection","map-manually:beard-care"
"https://rempireshop.com/collections/black-friday","/shop/","collection","map-manually:black-friday"
"https://rempireshop.com/collections/black-friday-1","/shop/","collection","map-manually:black-friday-1"
"https://rempireshop.com/collections/korean-cosmetics","/shop/","collection","map-manually:korean-cosmetics"
"https://rempireshop.com/collections/davines","/shop/","collection","map-manually:davines"
"https://rempireshop.com/collections/winter-deals","/shop/","collection","map-manually:winter-deals"
"https://rempireshop.com/collections/brands","/shop/","collection","map-manually:brands"
"https://rempireshop.com/collections/top-brands","/shop/","collection","map-manually:top-brands"
"https://rempireshop.com/collections/hair-styling","/shop/","collection","map-manually:hair-styling"
"https://rempireshop.com/collections/shampoo","/shop/","collection","map-manually:shampoo"
"https://rempireshop.com/collections/conditioner","/shop/","collection","map-manually:conditioner"
"https://rempireshop.com/collections/hair-spray","/shop/","collection","map-manually:hair-spray"
"https://rempireshop.com/collections/rempire-merch-1","/shop/","collection","map-manually:rempire-merch-1"
"https://rempireshop.com/collections/scalp-treatment","/shop/","collection","map-manually:scalp-treatment"
"https://rempireshop.com/collections/hair-mask","/shop/","collection","map-manually:hair-mask"
"https://rempireshop.com/collections/hair-lotion","/shop/","collection","map-manually:hair-lotion"
"https://rempireshop.com/collections/hair-wax","/shop/","collection","map-manually:hair-wax"
"https://rempireshop.com/collections/beard-oil","/shop/","collection","map-manually:beard-oil"
"https://rempireshop.com/collections/beard-balm","/shop/","collection","map-manually:beard-balm"
"https://rempireshop.com/collections/beard-and-mustache-wax","/shop/","collection","map-manually:beard-and-mustache-wax"
"https://rempireshop.com/collections/shaving","/shop/","collection","map-manually:shaving"
"https://rempireshop.com/collections/aftershave","/shop/","collection","map-manually:aftershave"
"https://rempireshop.com/collections/beard-styling","/shop/","collection","map-manually:beard-styling"
"https://rempireshop.com/collections/lotions-and-toners","/shop/","collection","map-manually:lotions-and-toners"
"https://rempireshop.com/collections/moisturizer","/shop/","collection","map-manually:moisturizer"
"https://rempireshop.com/collections/soap-and-body-wash","/shop/","collection","map-manually:soap-and-body-wash"
"https://rempireshop.com/collections/face-sheet-masks","/shop/","collection","map-manually:face-sheet-masks"
"https://rempireshop.com/collections/body-care","/shop/","collection","map-manually:body-care"
"https://rempireshop.com/collections/perfume","/shop/","collection","map-manually:perfume"
"https://rempireshop.com/collections/face-care","/shop/","collection","map-manually:face-care"
"https://rempireshop.com/collections/eye-care","/shop/","collection","map-manually:eye-care"
"https://rempireshop.com/collections/merch","/shop/","collection","map-manually:merch"
"https://rempireshop.com/collections/all-products","/shop/","collection","map-manually:all-products"
"https://rempireshop.com/collections/new-products","/shop/","collection","map-manually:new-products"
"https://rempireshop.com/collections/popular-products","/shop/","collection","map-manually:popular-products"
"https://rempireshop.com/collections/latest-arrivals","/shop/","collection","map-manually:latest-arrivals"
"https://rempireshop.com/blogs/news","/shop/","blog",""
"https://rempireshop.com/blogs/blog","/shop/","blog",""
"https://rempireshop.com/blogs/news/the-ultimate-guide-on-how-to-moisturize-your-skin-for-a-healthy-glow","/shop/","blog",""
"https://rempireshop.com/et","/shop/","home","lang:et"
"https://rempireshop.com/et/products/handmade-soap-666","/shop/p/handmade-soap-666/","product","lang:et"
"https://rempireshop.com/et/products/handmade-soap-rule-nr-1","/shop/p/handmade-soap-rule-nr-1/","product","lang:et"
"https://rempireshop.com/et/products/delivery","/shop/","product","lang:et product-not-in-v1"
"https://rempireshop.com/et/products/deep-cut-t-shirt-with-an-extended-back","/shop/p/deep-cut-t-shirt-with-an-extended-back/","product","lang:et"
"https://rempireshop.com/et/products/king-of-the-night-deep-cut-t-shirt-with-an-extended-back","/shop/p/king-of-the-night-deep-cut-t-shirt-with-an-extended-back/","product","lang:et"
"https://rempireshop.com/et/products/three-kings","/shop/p/three-kings/","product","lang:et"
"https://rempireshop.com/et/products/free-hold","/shop/p/free-hold/","product","lang:et"
"https://rempireshop.com/et/products/maxi-wash","/shop/p/maxi-wash/","product","lang:et"
"https://rempireshop.com/et/products/stimulate-me-wash","/shop/","product","lang:et product-not-in-v1"
"https://rempireshop.com/et/products/stimulate-me-rinse","/shop/","product","lang:et product-not-in-v1"
"https://rempireshop.com/et/products/thick-again","/shop/","product","lang:et product-not-in-v1"
"https://rempireshop.com/et/products/easy-rider","/shop/p/easy-rider/","product","lang:et"
"https://rempireshop.com/et/products/night-rider","/shop/p/night-rider/","product","lang:et"
"https://rempireshop.com/et/products/rough-rider","/shop/p/rough-rider/","product","lang:et"
"https://rempireshop.com/et/products/super-goo","/shop/p/super-goo/","product","lang:et"
"https://rempireshop.com/et/products/killer-waves","/shop/","product","lang:et product-not-in-v1"
"https://rempireshop.com/et/products/killer-curls","/shop/p/killer-curls/","product","lang:et"
"https://rempireshop.com/et/products/leave-in-repair","/shop/","product","lang:et product-not-in-v1"
"https://rempireshop.com/et/products/repair-me-rinse","/shop/","product","lang:et product-not-in-v1"
"https://rempireshop.com/et/products/touchable","/shop/p/touchable/","product","lang:et"
"https://rempireshop.com/et/products/repair-me-wash","/shop/p/repair-me-wash/","product","lang:et"
"https://rempireshop.com/et/products/cbd-daily-shampoo","/shop/","product","lang:et product-not-in-v1"
"https://rempireshop.com/et/products/cbd-daily-conditioner","/shop/","product","lang:et product-not-in-v1"
"https://rempireshop.com/et/products/system-4-special-shampoo-1","/shop/p/system-4-special-shampoo-1/","product","lang:et"
"https://rempireshop.com/et/products/system-4-balancing-shampoo-2","/shop/p/system-4-balancing-shampoo-2/","product","lang:et"
"https://rempireshop.com/et/products/system-4-shale-oil-shampoo-4","/shop/","product","lang:et product-not-in-v1"
"https://rempireshop.com/et/products/system-4-hydro-care-conditioner-h","/shop/p/system-4-hydro-care-conditioner-h/","product","lang:et"
"https://rempireshop.com/et/products/sim-sensitive-system-4-oil-cure-scalp-treatment-o","/shop/p/sim-sensitive-system-4-oil-cure-scalp-treatment-o/","product","lang:et"
"https://rempireshop.com/et/products/sim-sensitive-system-4-scalp-tonic-t","/shop/p/sim-sensitive-system-4-scalp-tonic-t/","product","lang:et"
"https://rempireshop.com/et/products/sim-sensitive-system-4-chitosan-hair-repair-r","/shop/p/sim-sensitive-system-4-chitosan-hair-repair-r/","product","lang:et"
"https://rempireshop.com/et/products/system-4-mild-shampoo-3","/shop/p/system-4-mild-shampoo-3/","product","lang:et"
"https://rempireshop.com/et/products/system-4-moisture-scalp-lotion-m","/shop/","product","lang:et product-not-in-v1"
"https://rempireshop.com/et/products/system-4-bio-botanical-serum","/shop/p/system-4-bio-botanical-serum/","product","lang:et"
"https://rempireshop.com/et/products/system-4-bio-botanical-shampoo","/shop/p/system-4-bio-botanical-shampoo/","product","lang:et"
"https://rempireshop.com/et/products/system-4-bio-botanical-vital-cure","/shop/p/system-4-bio-botanical-vital-cure/","product","lang:et"
"https://rempireshop.com/et/products/powder-puff","/shop/p/powder-puff/","product","lang:et"
"https://rempireshop.com/et/products/hair-resort-spray","/shop/p/hair-resort-spray/","product","lang:et"
"https://rempireshop.com/et/products/bedroom-hair","/shop/","product","lang:et product-not-in-v1"
"https://rempireshop.com/et/products/heated-defense","/shop/","product","lang:et product-not-in-v1"
"https://rempireshop.com/et/products/blow-dry-ever-smooth","/shop/","product","lang:et product-not-in-v1"
"https://rempireshop.com/et/products/doo-over","/shop/","product","lang:et product-not-in-v1"
"https://rempireshop.com/et/products/anti-gravity","/shop/","product","lang:et product-not-in-v1"
"https://rempireshop.com/et/products/anti-gravity-spray","/shop/","product","lang:et product-not-in-v1"
"https://rempireshop.com/et/products/killer-curls-wash","/shop/p/killer-curls-wash/","product","lang:et"
"https://rempireshop.com/et/products/killer-curls-rinse","/shop/p/killer-curls-rinse/","product","lang:et"
"https://rempireshop.com/et/products/hair-resort","/shop/p/hair-resort/","product","lang:et"
"https://rempireshop.com/et/products/queen-of-colours","/shop/","product","lang:et product-not-in-v1"
"https://rempireshop.com/et/products/kevin-murphy-killer-twirls","/shop/p/kevin-murphy-killer-twirls/","product","lang:et"
"https://rempireshop.com/et/products/kevin-murphy-motion-lotion","/shop/p/kevin-murphy-motion-lotion/","product","lang:et"
"https://rempireshop.com/et/products/lumin-skin-charcoal-scrub-deep-detox","/shop/p/lumin-skin-charcoal-scrub-deep-detox/","product","lang:et"
"https://rempireshop.com/et/products/lumin-skin-dark-circle-defense-balm","/shop/p/lumin-skin-dark-circle-defense-balm/","product","lang:et"
"https://rempireshop.com/et/products/lumin-skin-charcoal-face-wash-daily-detox","/shop/p/lumin-skin-charcoal-face-wash-daily-detox/","product","lang:et"
"https://rempireshop.com/et/products/lumin-skin-wrinkle-defense-serum","/shop/p/lumin-skin-wrinkle-defense-serum/","product","lang:et"
"https://rempireshop.com/et/products/lumin-skin-recovery-oil","/shop/p/lumin-skin-recovery-oil/","product","lang:et"
"https://rempireshop.com/et/products/lumin-skin-keratin-fortifying-conditioner","/shop/","product","lang:et product-not-in-v1"
"https://rempireshop.com/et/products/captain-fawcett-beard-oil-cf-332-private-stock","/shop/p/captain-fawcett-beard-oil-cf-332-private-stock/","product","lang:et"
"https://rempireshop.com/et/products/captain-fawcett-whisky-beard-oil","/shop/","product","lang:et product-not-in-v1"
"https://rempireshop.com/et/products/captain-fawcett-triumphant-beard-oil","/shop/","product","lang:et product-not-in-v1"
"https://rempireshop.com/et/products/captain-fawcett-ricki-hall-booze-baccy-beard-oil","/shop/","product","lang:et product-not-in-v1"
"https://rempireshop.com/et/products/captain-fawcett-barberism%C2%AE-beard-oil","/shop/","product","lang:et product-not-in-v1"
"https://rempireshop.com/et/products/captain-fawcett-nebula-john-petrucci-beard-oil","/shop/","product","lang:et product-not-in-v1"
"https://rempireshop.com/et/products/captain-fawcett-maharajah-beard-oil","/shop/","product","lang:et product-not-in-v1"
"https://rempireshop.com/et/products/captain-fawcett-sea-salt-spray","/shop/","product","lang:et product-not-in-v1"
"https://rempireshop.com/et/products/captain-fawcett-barberism%C2%AE-moustache-wax","/shop/","product","lang:et product-not-in-v1"
"https://rempireshop.com/et/products/captain-fawcett-ricki-hall-booze-baccy-moustache-wax","/shop/","product","lang:et product-not-in-v1"
"https://rempireshop.com/et/products/captain-fawcett-nebula-moustache-wax","/shop/","product","lang:et product-not-in-v1"
"https://rempireshop.com/et/products/captain-fawcett-ricki-hall-booze-baccy-beard-balm","/shop/","product","lang:et product-not-in-v1"
"https://rempireshop.com/et/products/captain-fawcett-sid-sottung-barberism%C2%AE-beard-balm","/shop/","product","lang:et product-not-in-v1"
"https://rempireshop.com/et/products/captain-fawcett-nebula-john-petrucci-beard-balm","/shop/","product","lang:et product-not-in-v1"
"https://rempireshop.com/et/products/kevin-muprhy-blonde-angel-wash","/shop/","product","lang:et product-not-in-v1"
"https://rempireshop.com/et/products/kevin-murphy-blonde-angel","/shop/","product","lang:et product-not-in-v1"
"https://rempireshop.com/et/products/kevin-murphy-angel-rinse","/shop/","product","lang:et product-not-in-v1"
"https://rempireshop.com/et/products/kevin-murphy-angel-wash","/shop/","product","lang:et product-not-in-v1"
"https://rempireshop.com/et/products/kevin-murphy-hydrate-me-rinse","/shop/","product","lang:et product-not-in-v1"
"https://rempireshop.com/et/products/kevin-muprhy-hydrate-me-wash","/shop/","product","lang:et product-not-in-v1"
"https://rempireshop.com/et/products/kevin-murphy-shimmer-me-blonde","/shop/","product","lang:et product-not-in-v1"
"https://rempireshop.com/et/products/dead-head-butterfly","/shop/","product","lang:et product-not-in-v1"
"https://rempireshop.com/et/products/davines-hair-beard-body-wash","/shop/p/davines-hair-beard-body-wash/","product","lang:et"
"https://rempireshop.com/et/products/davines-medium-hold-styling-paste","/shop/p/davines-medium-hold-styling-paste/","product","lang:et"
"https://rempireshop.com/et/products/davines-non-foaming-transparent-shaving-gel","/shop/p/davines-non-foaming-transparent-shaving-gel/","product","lang:et"
"https://rempireshop.com/et/products/davines-softening-shaving-gel","/shop/p/davines-softening-shaving-gel/","product","lang:et"
"https://rempireshop.com/et/products/davines-pre-shaving-beard-oil","/shop/p/davines-pre-shaving-beard-oil/","product","lang:et"
"https://rempireshop.com/et/products/davines-pasta-love-strong-hold-mat-clay","/shop/p/davines-pasta-love-strong-hold-mat-clay/","product","lang:et"
"https://rempireshop.com/et/products/kevin-muprhy-plumping-wash","/shop/","product","lang:et product-not-in-v1"
"https://rempireshop.com/et/products/kevin-muprhy-plumping-rinse","/shop/","product","lang:et product-not-in-v1"
"https://rempireshop.com/et/products/kevin-muprhy-shimmer-shine","/shop/","product","lang:et product-not-in-v1"
"https://rempireshop.com/et/products/kevin-murphy-young-again-wash","/shop/","product","lang:et product-not-in-v1"
"https://rempireshop.com/et/products/kevin-murphy-young-again-rinse","/shop/","product","lang:et product-not-in-v1"
"https://rempireshop.com/et/products/kevin-murphy-young-again-masque","/shop/","product","lang:et product-not-in-v1"
"https://rempireshop.com/et/products/kevin-murphy-young-again-oil","/shop/","product","lang:et product-not-in-v1"
"https://rempireshop.com/et/products/kevin-murphy-staying-alive-spray","/shop/","product","lang:et product-not-in-v1"
"https://rempireshop.com/et/products/kevin-murphy-smooth-again-rinse","/shop/","product","lang:et product-not-in-v1"
"https://rempireshop.com/et/products/kevin-murphy-smooth-again","/shop/","product","lang:et product-not-in-v1"
"https://rempireshop.com/et/products/kevin-murphy-hydrate-me-masque","/shop/","product","lang:et product-not-in-v1"
"https://rempireshop.com/et/products/kevin-murphy-everlasting-colour-wash","/shop/","product","lang:et product-not-in-v1"
"https://rempireshop.com/et/products/kevin-murphy-everlasting-colour-rinse","/shop/","product","lang:et product-not-in-v1"
"https://rempireshop.com/et/products/kevin-murphy-everlasting-colour-leave-in","/shop/","product","lang:et product-not-in-v1"
"https://rempireshop.com/et/products/kevin-murphy-body-mass","/shop/","product","lang:et product-not-in-v1"
"https://rempireshop.com/et/products/kevin-murphy-crystal-angel","/shop/","product","lang:et product-not-in-v1"
"https://rempireshop.com/et/products/kevin-murphy-blow-dry-rinse","/shop/","product","lang:et product-not-in-v1"
"https://rempireshop.com/et/products/kevin-murphy-blow-dry-wash","/shop/p/kevin-murphy-blow-dry-wash/","product","lang:et"
"https://rempireshop.com/et/products/kevin-murphy-full-again","/shop/p/kevin-murphy-full-again/","product","lang:et"
"https://rempireshop.com/et/products/kevin-murphy-un-tangled-spray","/shop/p/kevin-murphy-un-tangled-spray/","product","lang:et"
"https://rempireshop.com/et/products/kevin-murphy-session-spray-flex","/shop/","product","lang:et product-not-in-v1"
"https://rempireshop.com/et/products/kevin-murphy-session-spray","/shop/","product","lang:et product-not-in-v1"
"https://rempireshop.com/et/products/davines-the-renaissance-circle","/shop/","product","lang:et product-not-in-v1"
"https://rempireshop.com/et/products/davines-the-restless-circle","/shop/","product","lang:et product-not-in-v1"
"https://rempireshop.com/et/products/davines-the-spotlight-circle","/shop/","product","lang:et product-not-in-v1"
"https://rempireshop.com/et/products/davines-the-quick-fix-circle","/shop/","product","lang:et product-not-in-v1"
"https://rempireshop.com/et/products/kevin-murphy-angel-masque","/shop/","product","lang:et product-not-in-v1"
"https://rempireshop.com/et/products/davines-rebalancing-shampoo","/shop/","product","lang:et product-not-in-v1"
"https://rempireshop.com/et/products/davines-replumping-shampoo","/shop/","product","lang:et product-not-in-v1"
"https://rempireshop.com/et/products/davines-energizing-shampoo","/shop/","product","lang:et product-not-in-v1"
"https://rempireshop.com/et/products/davines-purifying-shampoo","/shop/","product","lang:et product-not-in-v1"
"https://rempireshop.com/et/products/davines-nourishing-shampoo","/shop/","product","lang:et product-not-in-v1"
"https://rempireshop.com/et/products/davines-calming-shampoo","/shop/","product","lang:et product-not-in-v1"
"https://rempireshop.com/et/products/davines-detoxifying-scrub-shampoo","/shop/","product","lang:et product-not-in-v1"
"https://rempireshop.com/et/products/davines-wellbeing-shampoo","/shop/","product","lang:et product-not-in-v1"
"https://rempireshop.com/et/products/davines-renewing-shampoo","/shop/","product","lang:et product-not-in-v1"
"https://rempireshop.com/et/products/young-again-dry-conditioner","/shop/","product","lang:et product-not-in-v1"
"https://rempireshop.com/et/products/kevin-murphy-fresh-hair-1","/shop/","product","lang:et product-not-in-v1"
"https://rempireshop.com/et/products/kevin-murphy-smooth-again-wash","/shop/","product","lang:et product-not-in-v1"
"https://rempireshop.com/et/products/cosrx-aloe-sun-cream","/shop/","product","lang:et product-not-in-v1"
"https://rempireshop.com/et/products/cosrx-advanced-snail-96-mucin-power-essence","/shop/p/cosrx-advanced-snail-96-mucin-power-essence/","product","lang:et"
"https://rempireshop.com/et/products/cosrx-advanced-snail-hydrogel-eye-patch-60pcs","/shop/","product","lang:et product-not-in-v1"
"https://rempireshop.com/et/products/cosrx-advanced-snail-92-all-in-one-cream","/shop/p/cosrx-advanced-snail-92-all-in-one-cream/","product","lang:et"
"https://rempireshop.com/et/products/anua-heartleaf-77-soothing-toner","/shop/p/anua-heartleaf-77-soothing-toner/","product","lang:et"
"https://rempireshop.com/et/products/laneige-cica-sleeping-mask","/shop/","product","lang:et product-not-in-v1"
"https://rempireshop.com/et/products/gummy-sheet-mask-madecassoside-sticker","/shop/p/gummy-sheet-mask-madecassoside-sticker/","product","lang:et"
"https://rempireshop.com/et/products/real-nature-green-tea-mask-sheet","/shop/","product","lang:et product-not-in-v1"
"https://rempireshop.com/et/products/gatsby-moving-rubber-wild-shake-15g","/shop/p/gatsby-moving-rubber-wild-shake-15g/","product","lang:et"
"https://rempireshop.com/et/products/gatsby-moving-rubber-hair-wax-80g","/shop/","product","lang:et product-not-in-v1"
"https://rempireshop.com/et/products/body-builder","/shop/p/body-builder/","product","lang:et"
"https://rempireshop.com/et/products/oversized-t-shirt-unisex","/shop/p/oversized-t-shirt-unisex/","product","lang:et"
"https://rempireshop.com/et/products/oversized-t-shirt-unisex-with-print","/shop/","product","lang:et product-not-in-v1"
"https://rempireshop.com/et/products/siim-hanikat-x-rempire","/shop/p/siim-hanikat-x-rempire/","product","lang:et"
"https://rempireshop.com/et/products/kevin-murphy-re-store","/shop/","product","lang:et product-not-in-v1"
"https://rempireshop.com/et/products/proraso-beard-oil-wood-spice-cedar-wood-citrus-fragrance-30ml","/shop/p/proraso-beard-oil-wood-spice-cedar-wood-citrus-fragrance-30ml/","product","lang:et"
"https://rempireshop.com/et/products/proraso-beard-oil-cypress-vetyver-30ml","/shop/p/proraso-beard-oil-cypress-vetyver-30ml/","product","lang:et"
"https://rempireshop.com/et/products/proraso-beard-oil-green-refreshing-30ml","/shop/p/proraso-beard-oil-green-refreshing-30ml/","product","lang:et"
"https://rempireshop.com/et/products/proraso-beard-oil-azur-lime-30ml","/shop/p/proraso-beard-oil-azur-lime-30ml/","product","lang:et"
"https://rempireshop.com/et/products/proraso-green-refreshing-aftershave-lotion-menthol-splash-100ml","/shop/p/proraso-green-refreshing-aftershave-lotion-menthol-splash-100ml/","product","lang:et"
"https://rempireshop.com/et/products/proraso-red-nourishing-aftershave-lotion-100ml","/shop/p/proraso-red-nourishing-aftershave-lotion-100ml/","product","lang:et"
"https://rempireshop.com/et/products/proraso-aftershave-balm-green-refreshing-alcohol-free-mentholated-100ml","/shop/p/proraso-aftershave-balm-green-refreshing-alcohol-free-mentholated-100ml/","product","lang:et"
"https://rempireshop.com/et/products/proraso-blue-protect-aftershave-balm-aloe-and-vitamin-e-100ml","/shop/p/proraso-blue-protect-aftershave-balm-aloe-and-vitamin-e-100ml/","product","lang:et"
"https://rempireshop.com/et/products/proraso-white-aftershave-balm-soothing-for-sensitive-skin-100ml","/shop/p/proraso-white-aftershave-balm-soothing-for-sensitive-skin-100ml/","product","lang:et"
"https://rempireshop.com/et/products/captain-fawcett-expedition-reserve-matt-styling-and-volumising-hair-powder","/shop/","product","lang:et product-not-in-v1"
"https://rempireshop.com/et/products/cosrx-aha-bha-clarifying-treatment-toner","/shop/p/cosrx-aha-bha-clarifying-treatment-toner/","product","lang:et"
"https://rempireshop.com/et/products/cosrx-low-ph-good-morning-gel-cleanser","/shop/p/cosrx-low-ph-good-morning-gel-cleanser/","product","lang:et"
"https://rempireshop.com/et/products/cosrx-full-fit-propolis-synergy-toner","/shop/p/cosrx-full-fit-propolis-synergy-toner/","product","lang:et"
"https://rempireshop.com/et/products/anua-heartleaf-pore-control-cleansing-oil","/shop/p/anua-heartleaf-pore-control-cleansing-oil/","product","lang:et"
"https://rempireshop.com/et/products/gatsby-moving-rubber-grunge-mat-grey-hair-wax","/shop/p/gatsby-moving-rubber-grunge-mat-grey-hair-wax/","product","lang:et"
"https://rempireshop.com/et/products/kilian-unisex-kologne-shield-of-protection-eau-de-parfum-spray-50ml","/shop/","product","lang:et product-not-in-v1"
"https://rempireshop.com/et/products/tom-ford-neroli-port-eau-de-parfum-spray-50ml","/shop/p/tom-ford-neroli-port-eau-de-parfum-spray-50ml/","product","lang:et"
"https://rempireshop.com/et/products/tom-ford-black-orchid-eau-de-perfume-spray-100ml","/shop/p/tom-ford-black-orchid-eau-de-perfume-spray-100ml/","product","lang:et"
"https://rempireshop.com/et/products/creed-aventus-eau-de-parfum-for-men-50ml","/shop/p/creed-aventus-eau-de-parfum-for-men-50ml/","product","lang:et"
"https://rempireshop.com/et/products/byredo-blanche-50ml","/shop/p/byredo-blanche-50ml/","product","lang:et"
"https://rempireshop.com/et/products/baccarat-rouge-540-eau-de-parfum-70ml","/shop/","product","lang:et product-not-in-v1"
"https://rempireshop.com/et/products/yumain-tattoo-cream","/shop/","product","lang:et product-not-in-v1"
"https://rempireshop.com/et/products/yumain-tattoo-balm-the-ultimate-care-for-your-tattoos","/shop/","product","lang:et product-not-in-v1"
"https://rempireshop.com/et/products/yumain-aftercare-washing-foam-expert-care-for-your-tattoos","/shop/","product","lang:et product-not-in-v1"
"https://rempireshop.com/et/products/byredo-mojave-ghost-eau-de-parfum-spray-50ml","/shop/","product","lang:et product-not-in-v1"
"https://rempireshop.com/et/products/anua-heartleaf-quercetinol-pore-deep-cleansing-foam","/shop/p/anua-heartleaf-quercetinol-pore-deep-cleansing-foam/","product","lang:et"
"https://rempireshop.com/et/products/anua-niacinamide-10-txa-4-serum","/shop/p/anua-niacinamide-10-txa-4-serum/","product","lang:et"
"https://rempireshop.com/et/products/anua-bha-2-gentle-exfoliating-toner-150ml","/shop/p/anua-bha-2-gentle-exfoliating-toner-150ml/","product","lang:et"
"https://rempireshop.com/et/products/mandom-gatsby-moving-rubber","/shop/p/mandom-gatsby-moving-rubber/","product","lang:et"
"https://rempireshop.com/et/products/roja-scandal-parfum-pour-femme-50ml","/shop/p/roja-scandal-parfum-pour-femme-50ml/","product","lang:et"
"https://rempireshop.com/et/products/christian-dior-homme-intense-eau-de-parfum-50ml","/shop/p/christian-dior-homme-intense-eau-de-parfum-50ml/","product","lang:et"
"https://rempireshop.com/et/products/xerjoff-tony-iommi-monkey-special-50ml","/shop/p/xerjoff-tony-iommi-monkey-special-50ml/","product","lang:et"
"https://rempireshop.com/et/products/xerjoff-1861-naxos-eau-de-parfum-100ml","/shop/p/xerjoff-1861-naxos-eau-de-parfum-100ml/","product","lang:et"
"https://rempireshop.com/et/products/proraso-azur-lime-after-shave-balm-100-ml","/shop/p/proraso-azur-lime-after-shave-balm-100-ml/","product","lang:et"
"https://rempireshop.com/et/products/proraso-wood-spice-beard-balm-100ml","/shop/p/proraso-wood-spice-beard-balm-100ml/","product","lang:et"
"https://rempireshop.com/et/products/yumain-numb-serum-instant-pain-relief-for-tattoos","/shop/","product","lang:et product-not-in-v1"
"https://rempireshop.com/et/products/guerlain-aqua-allegoria-forte-bosca-vanilla-edp-125ml","/shop/p/guerlain-aqua-allegoria-forte-bosca-vanilla-edp-125ml/","product","lang:et"
"https://rempireshop.com/et/products/guerlain-habit-rouge-eau-de-parfum-100ml","/shop/p/guerlain-habit-rouge-eau-de-parfum-100ml/","product","lang:et"
"https://rempireshop.com/et/products/versace-man-fraiche-eau-de-toilette-for-men-100ml","/shop/p/versace-man-fraiche-eau-de-toilette-for-men-100ml/","product","lang:et"
"https://rempireshop.com/et/products/creed-creed-aventus-cologne-50ml","/shop/p/creed-creed-aventus-cologne-50ml/","product","lang:et"
"https://rempireshop.com/et/products/davines-naturaltech-nourishing-keratin-sealer-100-ml","/shop/","product","lang:et product-not-in-v1"
"https://rempireshop.com/et/products/davines-naturaltech-nourishing-keratin-booster-100ml","/shop/","product","lang:et product-not-in-v1"
"https://rempireshop.com/et/products/oversized-t-shirt-unisex-with-print-love-is-the-gun","/shop/p/oversized-t-shirt-unisex-with-print-love-is-the-gun/","product","lang:et"
"https://rempireshop.com/et/products/oversized-t-shirt-unisex-with-print-t-shirt-three-elements-fire","/shop/p/oversized-t-shirt-unisex-with-print-t-shirt-three-elements-fire/","product","lang:et"
"https://rempireshop.com/et/products/oversized-t-shirt-unisex-with-print-t-shirt-three-elements-water","/shop/p/oversized-t-shirt-unisex-with-print-t-shirt-three-elements-water/","product","lang:et"
"https://rempireshop.com/et/products/oversized-t-shirt-unisex-with-print-three-elements-air","/shop/","product","lang:et product-not-in-v1"
"https://rempireshop.com/et/products/kevin-murphy-night-shift-100ml","/shop/","product","lang:et product-not-in-v1"
"https://rempireshop.com/et/products/byredo-blanche-body-wash-225-ml-for-women","/shop/","product","lang:et product-not-in-v1"
"https://rempireshop.com/et/products/paul-mitchell-tea-tree-special-shampoo","/shop/","product","lang:et product-not-in-v1"
"https://rempireshop.com/et/products/paul-mitchell-tea-tree-special-conditioner","/shop/","product","lang:et product-not-in-v1"
"https://rempireshop.com/et/products/paul-mitchell-shampoo-two","/shop/","product","lang:et product-not-in-v1"
"https://rempireshop.com/et/products/paul-mitchell-tea-tree-lavender-mint-shampoo","/shop/","product","lang:et product-not-in-v1"
"https://rempireshop.com/et/products/paul-mitchell-awapuhi-shampoo","/shop/","product","lang:et product-not-in-v1"
"https://rempireshop.com/et/products/paul-mitchell-awapuhi-conditioner","/shop/","product","lang:et product-not-in-v1"
"https://rempireshop.com/et/products/paul-mitchell-color-protect-shampoo","/shop/","product","lang:et product-not-in-v1"
"https://rempireshop.com/et/products/paul-mitchell-color-protect-conditioner","/shop/","product","lang:et product-not-in-v1"
"https://rempireshop.com/et/products/paul-mitchell-sheer-hydration-conditioner","/shop/","product","lang:et product-not-in-v1"
"https://rempireshop.com/et/products/paul-mitchell-tea-tree-special-conditioner-1","/shop/","product","lang:et product-not-in-v1"
"https://rempireshop.com/et/products/paul-mitchell-sheer-hydration-shampoo","/shop/","product","lang:et product-not-in-v1"
"https://rempireshop.com/et/products/paul-mitchell-super-smooth-conditioner","/shop/","product","lang:et product-not-in-v1"
"https://rempireshop.com/et/products/paul-mitchell-super-smooth-shampoo","/shop/","product","lang:et product-not-in-v1"
"https://rempireshop.com/et/products/paul-mitchell-super-skinny-serum","/shop/p/paul-mitchell-super-skinny-serum/","product","lang:et"
"https://rempireshop.com/et/products/paul-mitchell-awapuhi-shampoo-1","/shop/","product","lang:et product-not-in-v1"
"https://rempireshop.com/et/products/paul-mitchell-awapuhi-wild-ginger-repair-cream-rinse","/shop/","product","lang:et product-not-in-v1"
"https://rempireshop.com/et/products/paul-mitchell-mitch-double-hitter-2-in-1-shampoo-conditioner","/shop/","product","lang:et product-not-in-v1"
"https://rempireshop.com/et/products/paul-mitchell-forever-blonde-shampoo","/shop/","product","lang:et product-not-in-v1"
"https://rempireshop.com/et/products/paul-mitchell-forever-blonde-conditioner","/shop/","product","lang:et product-not-in-v1"
"https://rempireshop.com/et/products/paul-mitchell-extra-body-daily-shampoo","/shop/","product","lang:et product-not-in-v1"
"https://rempireshop.com/et/products/paul-mitchell-curl-round-trip-defining-serum","/shop/","product","lang:et product-not-in-v1"
"https://rempireshop.com/et/products/paul-mitchell-curl-full-circle-leave-in-cream","/shop/","product","lang:et product-not-in-v1"
"https://rempireshop.com/et/products/paul-mitchell-curl-twirl-around-cream-serum","/shop/","product","lang:et product-not-in-v1"
"https://rempireshop.com/et/products/paul-mitchell-curl-refreshing-mist","/shop/","product","lang:et product-not-in-v1"
"https://rempireshop.com/et/products/paul-mitchell-curl-hydrating-foam","/shop/","product","lang:et product-not-in-v1"
"https://rempireshop.com/et/products/paul-mitchell-clear-essential-shampoo","/shop/","product","lang:et product-not-in-v1"
"https://rempireshop.com/et/products/paul-mitchell-clear-essential-conditioner","/shop/","product","lang:et product-not-in-v1"
"https://rempireshop.com/et/products/paul-mitchell-clear-styling-glaze","/shop/p/paul-mitchell-clear-styling-glaze/","product","lang:et"
"https://rempireshop.com/et/products/paul-mitchell-clear-smoothing-serum","/shop/","product","lang:et product-not-in-v1"
"https://rempireshop.com/et/products/paul-mitchell-clear-jelly-mask","/shop/","product","lang:et product-not-in-v1"
"https://rempireshop.com/et/products/paul-mitchell-curl-quick-slip-styling-cream","/shop/","product","lang:et product-not-in-v1"
"https://rempireshop.com/et/products/paul-mitchell-awapuhi-texturizing-sea-spray","/shop/","product","lang:et product-not-in-v1"
"https://rempireshop.com/et/products/paul-mitchell-mitch-construction-paste-flexible-styling-paste","/shop/p/paul-mitchell-mitch-construction-paste-flexible-styling-paste/","product","lang:et"
"https://rempireshop.com/et/products/paul-mitchell-mitch-steady-grip-styling-gel","/shop/p/paul-mitchell-mitch-steady-grip-styling-gel/","product","lang:et"
"https://rempireshop.com/et/pages/contact","/shop/info/contact","page","lang:et"
"https://rempireshop.com/et/pages/right-to-return","/shop/info/right-to-return","page","lang:et"
"https://rempireshop.com/et/pages/data-sharing-opt-out","/shop/info/data-sharing-opt-out","page","lang:et"
"https://rempireshop.com/et/collections/soap","/shop/","collection","lang:et map-manually:soap"
"https://rempireshop.com/et/collections/all-products-est","/shop/","collection","lang:et map-manually:all-products-est"
"https://rempireshop.com/et/collections/kevin-murphy","/shop/","collection","lang:et map-manually:kevin-murphy"
"https://rempireshop.com/et/collections/cosmetics","/shop/","collection","lang:et map-manually:cosmetics"
"https://rempireshop.com/et/collections/rempire-merch","/shop/","collection","lang:et map-manually:rempire-merch"
"https://rempireshop.com/et/collections/system-4","/shop/","collection","lang:et map-manually:system-4"
"https://rempireshop.com/et/collections/lumin-skin","/shop/","collection","lang:et map-manually:lumin-skin"
"https://rempireshop.com/et/collections/captain-fawcett","/shop/","collection","lang:et map-manually:captain-fawcett"
"https://rempireshop.com/et/collections/cbd-daily-haircare","/shop/","collection","lang:et map-manually:cbd-daily-haircare"
"https://rempireshop.com/et/collections/juuksehooldus","/shop/","collection","lang:et map-manually:juuksehooldus"
"https://rempireshop.com/et/collections/nahahooldus","/shop/","collection","lang:et map-manually:nahahooldus"
"https://rempireshop.com/et/collections/habemehooldus","/shop/","collection","lang:et map-manually:habemehooldus"
"https://rempireshop.com/et/collections/black-friday","/shop/","collection","lang:et map-manually:black-friday"
"https://rempireshop.com/et/collections/black-friday-1","/shop/","collection","lang:et map-manually:black-friday-1"
"https://rempireshop.com/et/collections/korean-cosmetics","/shop/","collection","lang:et map-manually:korean-cosmetics"
"https://rempireshop.com/et/collections/davines","/shop/","collection","lang:et map-manually:davines"
"https://rempireshop.com/et/collections/winter-deals","/shop/","collection","lang:et map-manually:winter-deals"
"https://rempireshop.com/et/collections/brands","/shop/","collection","lang:et map-manually:brands"
"https://rempireshop.com/et/collections/top-brandid","/shop/","collection","lang:et map-manually:top-brandid"
"https://rempireshop.com/et/collections/viimistlus","/shop/","collection","lang:et map-manually:viimistlus"
"https://rempireshop.com/et/collections/shampoonid","/shop/","collection","lang:et map-manually:shampoonid"
"https://rempireshop.com/et/collections/palsamid","/shop/","collection","lang:et map-manually:palsamid"
"https://rempireshop.com/et/collections/juuksespreid","/shop/","collection","lang:et map-manually:juuksespreid"
"https://rempireshop.com/et/collections/rempire-merch-1","/shop/","collection","lang:et map-manually:rempire-merch-1"
"https://rempireshop.com/et/collections/peanaha-hooldus","/shop/","collection","lang:et map-manually:peanaha-hooldus"
"https://rempireshop.com/et/collections/juuksemaskid","/shop/","collection","lang:et map-manually:juuksemaskid"
"https://rempireshop.com/et/collections/juuksekreemid","/shop/","collection","lang:et map-manually:juuksekreemid"
"https://rempireshop.com/et/collections/juuksevaha","/shop/","collection","lang:et map-manually:juuksevaha"
"https://rempireshop.com/et/collections/habemeolid","/shop/","collection","lang:et map-manually:habemeolid"
"https://rempireshop.com/et/collections/habemepalsamid","/shop/","collection","lang:et map-manually:habemepalsamid"
"https://rempireshop.com/et/collections/habeme-vuntsivahad","/shop/","collection","lang:et map-manually:habeme-vuntsivahad"
"https://rempireshop.com/et/collections/raseerimine","/shop/","collection","lang:et map-manually:raseerimine"
"https://rempireshop.com/et/collections/raseerimisjargne-hooldus","/shop/","collection","lang:et map-manually:raseerimisjargne-hooldus"
"https://rempireshop.com/et/collections/habeajamine","/shop/","collection","lang:et map-manually:habeajamine"
"https://rempireshop.com/et/collections/kehakreemid-toonikud","/shop/","collection","lang:et map-manually:kehakreemid-toonikud"
"https://rempireshop.com/et/collections/kehaniisutajad","/shop/","collection","lang:et map-manually:kehaniisutajad"
"https://rempireshop.com/et/collections/seebid-dusigeelid","/shop/","collection","lang:et map-manually:seebid-dusigeelid"
"https://rempireshop.com/et/collections/naomaskid","/shop/","collection","lang:et map-manually:naomaskid"
"https://rempireshop.com/et/collections/kehahooldus","/shop/","collection","lang:et map-manually:kehahooldus"
"https://rempireshop.com/et/collections/parfuumid","/shop/","collection","lang:et map-manually:parfuumid"
"https://rempireshop.com/et/collections/naohooldus","/shop/","collection","lang:et map-manually:naohooldus"
"https://rempireshop.com/et/collections/silmahooldus","/shop/","collection","lang:et map-manually:silmahooldus"
"https://rempireshop.com/et/collections/merch","/shop/","collection","lang:et map-manually:merch"
"https://rempireshop.com/et/collections/koik-tooted","/shop/","collection","lang:et map-manually:koik-tooted"
"https://rempireshop.com/et/collections/new-products","/shop/","collection","lang:et map-manually:new-products"
"https://rempireshop.com/et/collections/popular-products","/shop/","collection","lang:et map-manually:popular-products"
"https://rempireshop.com/et/collections/latest-arrivals","/shop/","collection","lang:et map-manually:latest-arrivals"
"https://rempireshop.com/et/blogs/news","/shop/","blog","lang:et"
"https://rempireshop.com/et/blogs/blog","/shop/","blog","lang:et"
"https://rempireshop.com/et/blogs/news/the-ultimate-guide-on-how-to-moisturize-your-skin-for-a-healthy-glow","/shop/","blog","lang:et"
"https://rempireshop.com/ru","/shop/","other",""
"https://rempireshop.com/ru/products/handmade-soap-666","/shop/","other",""
"https://rempireshop.com/ru/products/handmade-soap-rule-nr-1","/shop/","other",""
"https://rempireshop.com/ru/products/delivery","/shop/","other",""
"https://rempireshop.com/ru/products/deep-cut-t-shirt-with-an-extended-back","/shop/","other",""
"https://rempireshop.com/ru/products/king-of-the-night-deep-cut-t-shirt-with-an-extended-back","/shop/","other",""
"https://rempireshop.com/ru/products/three-kings","/shop/","other",""
"https://rempireshop.com/ru/products/free-hold","/shop/","other",""
"https://rempireshop.com/ru/products/maxi-wash","/shop/","other",""
"https://rempireshop.com/ru/products/stimulate-me-wash","/shop/","other",""
"https://rempireshop.com/ru/products/stimulate-me-rinse","/shop/","other",""
"https://rempireshop.com/ru/products/thick-again","/shop/","other",""
"https://rempireshop.com/ru/products/easy-rider","/shop/","other",""
"https://rempireshop.com/ru/products/night-rider","/shop/","other",""
"https://rempireshop.com/ru/products/rough-rider","/shop/","other",""
"https://rempireshop.com/ru/products/super-goo","/shop/","other",""
"https://rempireshop.com/ru/products/killer-waves","/shop/","other",""
"https://rempireshop.com/ru/products/killer-curls","/shop/","other",""
"https://rempireshop.com/ru/products/leave-in-repair","/shop/","other",""
"https://rempireshop.com/ru/products/repair-me-rinse","/shop/","other",""
"https://rempireshop.com/ru/products/touchable","/shop/","other",""
"https://rempireshop.com/ru/products/repair-me-wash","/shop/","other",""
"https://rempireshop.com/ru/products/cbd-daily-shampoo","/shop/","other",""
"https://rempireshop.com/ru/products/cbd-daily-conditioner","/shop/","other",""
"https://rempireshop.com/ru/products/system-4-special-shampoo-1","/shop/","other",""
"https://rempireshop.com/ru/products/system-4-balancing-shampoo-2","/shop/","other",""
"https://rempireshop.com/ru/products/system-4-shale-oil-shampoo-4","/shop/","other",""
"https://rempireshop.com/ru/products/system-4-hydro-care-conditioner-h","/shop/","other",""
"https://rempireshop.com/ru/products/sim-sensitive-system-4-oil-cure-scalp-treatment-o","/shop/","other",""
"https://rempireshop.com/ru/products/sim-sensitive-system-4-scalp-tonic-t","/shop/","other",""
"https://rempireshop.com/ru/products/sim-sensitive-system-4-chitosan-hair-repair-r","/shop/","other",""
"https://rempireshop.com/ru/products/system-4-mild-shampoo-3","/shop/","other",""
"https://rempireshop.com/ru/products/system-4-moisture-scalp-lotion-m","/shop/","other",""
"https://rempireshop.com/ru/products/system-4-bio-botanical-serum","/shop/","other",""
"https://rempireshop.com/ru/products/system-4-bio-botanical-shampoo","/shop/","other",""
"https://rempireshop.com/ru/products/system-4-bio-botanical-vital-cure","/shop/","other",""
"https://rempireshop.com/ru/products/powder-puff","/shop/","other",""
"https://rempireshop.com/ru/products/hair-resort-spray","/shop/","other",""
"https://rempireshop.com/ru/products/bedroom-hair","/shop/","other",""
"https://rempireshop.com/ru/products/heated-defense","/shop/","other",""
"https://rempireshop.com/ru/products/blow-dry-ever-smooth","/shop/","other",""
"https://rempireshop.com/ru/products/doo-over","/shop/","other",""
"https://rempireshop.com/ru/products/anti-gravity","/shop/","other",""
"https://rempireshop.com/ru/products/anti-gravity-spray","/shop/","other",""
"https://rempireshop.com/ru/products/killer-curls-wash","/shop/","other",""
"https://rempireshop.com/ru/products/killer-curls-rinse","/shop/","other",""
"https://rempireshop.com/ru/products/hair-resort","/shop/","other",""
"https://rempireshop.com/ru/products/queen-of-colours","/shop/","other",""
"https://rempireshop.com/ru/products/kevin-murphy-killer-twirls","/shop/","other",""
"https://rempireshop.com/ru/products/kevin-murphy-motion-lotion","/shop/","other",""
"https://rempireshop.com/ru/products/lumin-skin-charcoal-scrub-deep-detox","/shop/","other",""
"https://rempireshop.com/ru/products/lumin-skin-dark-circle-defense-balm","/shop/","other",""
"https://rempireshop.com/ru/products/lumin-skin-charcoal-face-wash-daily-detox","/shop/","other",""
"https://rempireshop.com/ru/products/lumin-skin-wrinkle-defense-serum","/shop/","other",""
"https://rempireshop.com/ru/products/lumin-skin-recovery-oil","/shop/","other",""
"https://rempireshop.com/ru/products/lumin-skin-keratin-fortifying-conditioner","/shop/","other",""
"https://rempireshop.com/ru/products/captain-fawcett-beard-oil-cf-332-private-stock","/shop/","other",""
"https://rempireshop.com/ru/products/captain-fawcett-whisky-beard-oil","/shop/","other",""
"https://rempireshop.com/ru/products/captain-fawcett-triumphant-beard-oil","/shop/","other",""
"https://rempireshop.com/ru/products/captain-fawcett-ricki-hall-booze-baccy-beard-oil","/shop/","other",""
"https://rempireshop.com/ru/products/captain-fawcett-barberism%C2%AE-beard-oil","/shop/","other",""
"https://rempireshop.com/ru/products/captain-fawcett-nebula-john-petrucci-beard-oil","/shop/","other",""
"https://rempireshop.com/ru/products/captain-fawcett-maharajah-beard-oil","/shop/","other",""
"https://rempireshop.com/ru/products/captain-fawcett-sea-salt-spray","/shop/","other",""
"https://rempireshop.com/ru/products/captain-fawcett-barberism%C2%AE-moustache-wax","/shop/","other",""
"https://rempireshop.com/ru/products/captain-fawcett-ricki-hall-booze-baccy-moustache-wax","/shop/","other",""
"https://rempireshop.com/ru/products/captain-fawcett-nebula-moustache-wax","/shop/","other",""
"https://rempireshop.com/ru/products/captain-fawcett-ricki-hall-booze-baccy-beard-balm","/shop/","other",""
"https://rempireshop.com/ru/products/captain-fawcett-sid-sottung-barberism%C2%AE-beard-balm","/shop/","other",""
"https://rempireshop.com/ru/products/captain-fawcett-nebula-john-petrucci-beard-balm","/shop/","other",""
"https://rempireshop.com/ru/products/kevin-muprhy-blonde-angel-wash","/shop/","other",""
"https://rempireshop.com/ru/products/kevin-murphy-blonde-angel","/shop/","other",""
"https://rempireshop.com/ru/products/kevin-murphy-angel-rinse","/shop/","other",""
"https://rempireshop.com/ru/products/kevin-murphy-angel-wash","/shop/","other",""
"https://rempireshop.com/ru/products/kevin-murphy-hydrate-me-rinse","/shop/","other",""
"https://rempireshop.com/ru/products/kevin-muprhy-hydrate-me-wash","/shop/","other",""
"https://rempireshop.com/ru/products/kevin-murphy-shimmer-me-blonde","/shop/","other",""
"https://rempireshop.com/ru/products/dead-head-butterfly","/shop/","other",""
"https://rempireshop.com/ru/products/davines-hair-beard-body-wash","/shop/","other",""
"https://rempireshop.com/ru/products/davines-medium-hold-styling-paste","/shop/","other",""
"https://rempireshop.com/ru/products/davines-non-foaming-transparent-shaving-gel","/shop/","other",""
"https://rempireshop.com/ru/products/davines-softening-shaving-gel","/shop/","other",""
"https://rempireshop.com/ru/products/davines-pre-shaving-beard-oil","/shop/","other",""
"https://rempireshop.com/ru/products/davines-pasta-love-strong-hold-mat-clay","/shop/","other",""
"https://rempireshop.com/ru/products/kevin-muprhy-plumping-wash","/shop/","other",""
"https://rempireshop.com/ru/products/kevin-muprhy-plumping-rinse","/shop/","other",""
"https://rempireshop.com/ru/products/kevin-muprhy-shimmer-shine","/shop/","other",""
"https://rempireshop.com/ru/products/kevin-murphy-young-again-wash","/shop/","other",""
"https://rempireshop.com/ru/products/kevin-murphy-young-again-rinse","/shop/","other",""
"https://rempireshop.com/ru/products/kevin-murphy-young-again-masque","/shop/","other",""
"https://rempireshop.com/ru/products/kevin-murphy-young-again-oil","/shop/","other",""
"https://rempireshop.com/ru/products/kevin-murphy-staying-alive-spray","/shop/","other",""
"https://rempireshop.com/ru/products/kevin-murphy-smooth-again-rinse","/shop/","other",""
"https://rempireshop.com/ru/products/kevin-murphy-smooth-again","/shop/","other",""
"https://rempireshop.com/ru/products/kevin-murphy-hydrate-me-masque","/shop/","other",""
"https://rempireshop.com/ru/products/kevin-murphy-everlasting-colour-wash","/shop/","other",""
"https://rempireshop.com/ru/products/kevin-murphy-everlasting-colour-rinse","/shop/","other",""
"https://rempireshop.com/ru/products/kevin-murphy-everlasting-colour-leave-in","/shop/","other",""
"https://rempireshop.com/ru/products/kevin-murphy-body-mass","/shop/","other",""
"https://rempireshop.com/ru/products/kevin-murphy-crystal-angel","/shop/","other",""
"https://rempireshop.com/ru/products/kevin-murphy-blow-dry-rinse","/shop/","other",""
"https://rempireshop.com/ru/products/kevin-murphy-blow-dry-wash","/shop/","other",""
"https://rempireshop.com/ru/products/kevin-murphy-full-again","/shop/","other",""
"https://rempireshop.com/ru/products/kevin-murphy-un-tangled-spray","/shop/","other",""
"https://rempireshop.com/ru/products/kevin-murphy-session-spray-flex","/shop/","other",""
"https://rempireshop.com/ru/products/kevin-murphy-session-spray","/shop/","other",""
"https://rempireshop.com/ru/products/davines-the-renaissance-circle","/shop/","other",""
"https://rempireshop.com/ru/products/davines-the-restless-circle","/shop/","other",""
"https://rempireshop.com/ru/products/davines-the-spotlight-circle","/shop/","other",""
"https://rempireshop.com/ru/products/davines-the-quick-fix-circle","/shop/","other",""
"https://rempireshop.com/ru/products/kevin-murphy-angel-masque","/shop/","other",""
"https://rempireshop.com/ru/products/davines-rebalancing-shampoo","/shop/","other",""
"https://rempireshop.com/ru/products/davines-replumping-shampoo","/shop/","other",""
"https://rempireshop.com/ru/products/davines-energizing-shampoo","/shop/","other",""
"https://rempireshop.com/ru/products/davines-purifying-shampoo","/shop/","other",""
"https://rempireshop.com/ru/products/davines-nourishing-shampoo","/shop/","other",""
"https://rempireshop.com/ru/products/davines-calming-shampoo","/shop/","other",""
"https://rempireshop.com/ru/products/davines-detoxifying-scrub-shampoo","/shop/","other",""
"https://rempireshop.com/ru/products/davines-wellbeing-shampoo","/shop/","other",""
"https://rempireshop.com/ru/products/davines-renewing-shampoo","/shop/","other",""
"https://rempireshop.com/ru/products/young-again-dry-conditioner","/shop/","other",""
"https://rempireshop.com/ru/products/kevin-murphy-fresh-hair-1","/shop/","other",""
"https://rempireshop.com/ru/products/kevin-murphy-smooth-again-wash","/shop/","other",""
"https://rempireshop.com/ru/products/cosrx-aloe-sun-cream","/shop/","other",""
"https://rempireshop.com/ru/products/cosrx-advanced-snail-96-mucin-power-essence","/shop/","other",""
"https://rempireshop.com/ru/products/cosrx-advanced-snail-hydrogel-eye-patch-60pcs","/shop/","other",""
"https://rempireshop.com/ru/products/cosrx-advanced-snail-92-all-in-one-cream","/shop/","other",""
"https://rempireshop.com/ru/products/anua-heartleaf-77-soothing-toner","/shop/","other",""
"https://rempireshop.com/ru/products/laneige-cica-sleeping-mask","/shop/","other",""
"https://rempireshop.com/ru/products/gummy-sheet-mask-madecassoside-sticker","/shop/","other",""
"https://rempireshop.com/ru/products/real-nature-green-tea-mask-sheet","/shop/","other",""
"https://rempireshop.com/ru/products/gatsby-moving-rubber-wild-shake-15g","/shop/","other",""
"https://rempireshop.com/ru/products/gatsby-moving-rubber-hair-wax-80g","/shop/","other",""
"https://rempireshop.com/ru/products/body-builder","/shop/","other",""
"https://rempireshop.com/ru/products/oversized-t-shirt-unisex","/shop/","other",""
"https://rempireshop.com/ru/products/oversized-t-shirt-unisex-with-print","/shop/","other",""
"https://rempireshop.com/ru/products/siim-hanikat-x-rempire","/shop/","other",""
"https://rempireshop.com/ru/products/kevin-murphy-re-store","/shop/","other",""
"https://rempireshop.com/ru/products/proraso-beard-oil-wood-spice-cedar-wood-citrus-fragrance-30ml","/shop/","other",""
"https://rempireshop.com/ru/products/proraso-beard-oil-cypress-vetyver-30ml","/shop/","other",""
"https://rempireshop.com/ru/products/proraso-beard-oil-green-refreshing-30ml","/shop/","other",""
"https://rempireshop.com/ru/products/proraso-beard-oil-azur-lime-30ml","/shop/","other",""
"https://rempireshop.com/ru/products/proraso-green-refreshing-aftershave-lotion-menthol-splash-100ml","/shop/","other",""
"https://rempireshop.com/ru/products/proraso-red-nourishing-aftershave-lotion-100ml","/shop/","other",""
"https://rempireshop.com/ru/products/proraso-aftershave-balm-green-refreshing-alcohol-free-mentholated-100ml","/shop/","other",""
"https://rempireshop.com/ru/products/proraso-blue-protect-aftershave-balm-aloe-and-vitamin-e-100ml","/shop/","other",""
"https://rempireshop.com/ru/products/proraso-white-aftershave-balm-soothing-for-sensitive-skin-100ml","/shop/","other",""
"https://rempireshop.com/ru/products/captain-fawcett-expedition-reserve-matt-styling-and-volumising-hair-powder","/shop/","other",""
"https://rempireshop.com/ru/products/cosrx-aha-bha-clarifying-treatment-toner","/shop/","other",""
"https://rempireshop.com/ru/products/cosrx-low-ph-good-morning-gel-cleanser","/shop/","other",""
"https://rempireshop.com/ru/products/cosrx-full-fit-propolis-synergy-toner","/shop/","other",""
"https://rempireshop.com/ru/products/anua-heartleaf-pore-control-cleansing-oil","/shop/","other",""
"https://rempireshop.com/ru/products/gatsby-moving-rubber-grunge-mat-grey-hair-wax","/shop/","other",""
"https://rempireshop.com/ru/products/kilian-unisex-kologne-shield-of-protection-eau-de-parfum-spray-50ml","/shop/","other",""
"https://rempireshop.com/ru/products/tom-ford-neroli-port-eau-de-parfum-spray-50ml","/shop/","other",""
"https://rempireshop.com/ru/products/tom-ford-black-orchid-eau-de-perfume-spray-100ml","/shop/","other",""
"https://rempireshop.com/ru/products/creed-aventus-eau-de-parfum-for-men-50ml","/shop/","other",""
"https://rempireshop.com/ru/products/byredo-blanche-50ml","/shop/","other",""
"https://rempireshop.com/ru/products/baccarat-rouge-540-eau-de-parfum-70ml","/shop/","other",""
"https://rempireshop.com/ru/products/yumain-tattoo-cream","/shop/","other",""
"https://rempireshop.com/ru/products/yumain-tattoo-balm-the-ultimate-care-for-your-tattoos","/shop/","other",""
"https://rempireshop.com/ru/products/yumain-aftercare-washing-foam-expert-care-for-your-tattoos","/shop/","other",""
"https://rempireshop.com/ru/products/byredo-mojave-ghost-eau-de-parfum-spray-50ml","/shop/","other",""
"https://rempireshop.com/ru/products/anua-heartleaf-quercetinol-pore-deep-cleansing-foam","/shop/","other",""
"https://rempireshop.com/ru/products/anua-niacinamide-10-txa-4-serum","/shop/","other",""
"https://rempireshop.com/ru/products/anua-bha-2-gentle-exfoliating-toner-150ml","/shop/","other",""
"https://rempireshop.com/ru/products/mandom-gatsby-moving-rubber","/shop/","other",""
"https://rempireshop.com/ru/products/roja-scandal-parfum-pour-femme-50ml","/shop/","other",""
"https://rempireshop.com/ru/products/christian-dior-homme-intense-eau-de-parfum-50ml","/shop/","other",""
"https://rempireshop.com/ru/products/xerjoff-tony-iommi-monkey-special-50ml","/shop/","other",""
"https://rempireshop.com/ru/products/xerjoff-1861-naxos-eau-de-parfum-100ml","/shop/","other",""
"https://rempireshop.com/ru/products/proraso-azur-lime-after-shave-balm-100-ml","/shop/","other",""
"https://rempireshop.com/ru/products/proraso-wood-spice-beard-balm-100ml","/shop/","other",""
"https://rempireshop.com/ru/products/yumain-numb-serum-instant-pain-relief-for-tattoos","/shop/","other",""
"https://rempireshop.com/ru/products/guerlain-aqua-allegoria-forte-bosca-vanilla-edp-125ml","/shop/","other",""
"https://rempireshop.com/ru/products/guerlain-habit-rouge-eau-de-parfum-100ml","/shop/","other",""
"https://rempireshop.com/ru/products/versace-man-fraiche-eau-de-toilette-for-men-100ml","/shop/","other",""
"https://rempireshop.com/ru/products/creed-creed-aventus-cologne-50ml","/shop/","other",""
"https://rempireshop.com/ru/products/davines-naturaltech-nourishing-keratin-sealer-100-ml","/shop/","other",""
"https://rempireshop.com/ru/products/davines-naturaltech-nourishing-keratin-booster-100ml","/shop/","other",""
"https://rempireshop.com/ru/products/oversized-t-shirt-unisex-with-print-love-is-the-gun","/shop/","other",""
"https://rempireshop.com/ru/products/oversized-t-shirt-unisex-with-print-t-shirt-three-elements-fire","/shop/","other",""
"https://rempireshop.com/ru/products/oversized-t-shirt-unisex-with-print-t-shirt-three-elements-water","/shop/","other",""
"https://rempireshop.com/ru/products/oversized-t-shirt-unisex-with-print-three-elements-air","/shop/","other",""
"https://rempireshop.com/ru/products/kevin-murphy-night-shift-100ml","/shop/","other",""
"https://rempireshop.com/ru/products/byredo-blanche-body-wash-225-ml-for-women","/shop/","other",""
"https://rempireshop.com/ru/products/paul-mitchell-tea-tree-special-shampoo","/shop/","other",""
"https://rempireshop.com/ru/products/paul-mitchell-tea-tree-special-conditioner","/shop/","other",""
"https://rempireshop.com/ru/products/paul-mitchell-shampoo-two","/shop/","other",""
"https://rempireshop.com/ru/products/paul-mitchell-tea-tree-lavender-mint-shampoo","/shop/","other",""
"https://rempireshop.com/ru/products/paul-mitchell-awapuhi-shampoo","/shop/","other",""
"https://rempireshop.com/ru/products/paul-mitchell-awapuhi-conditioner","/shop/","other",""
"https://rempireshop.com/ru/products/paul-mitchell-color-protect-shampoo","/shop/","other",""
"https://rempireshop.com/ru/products/paul-mitchell-color-protect-conditioner","/shop/","other",""
"https://rempireshop.com/ru/products/paul-mitchell-sheer-hydration-conditioner","/shop/","other",""
"https://rempireshop.com/ru/products/paul-mitchell-tea-tree-special-conditioner-1","/shop/","other",""
"https://rempireshop.com/ru/products/paul-mitchell-sheer-hydration-shampoo","/shop/","other",""
"https://rempireshop.com/ru/products/paul-mitchell-super-smooth-conditioner","/shop/","other",""
"https://rempireshop.com/ru/products/paul-mitchell-super-smooth-shampoo","/shop/","other",""
"https://rempireshop.com/ru/products/paul-mitchell-super-skinny-serum","/shop/","other",""
"https://rempireshop.com/ru/products/paul-mitchell-awapuhi-shampoo-1","/shop/","other",""
"https://rempireshop.com/ru/products/paul-mitchell-awapuhi-wild-ginger-repair-cream-rinse","/shop/","other",""
"https://rempireshop.com/ru/products/paul-mitchell-mitch-double-hitter-2-in-1-shampoo-conditioner","/shop/","other",""
"https://rempireshop.com/ru/products/paul-mitchell-forever-blonde-shampoo","/shop/","other",""
"https://rempireshop.com/ru/products/paul-mitchell-forever-blonde-conditioner","/shop/","other",""
"https://rempireshop.com/ru/products/paul-mitchell-extra-body-daily-shampoo","/shop/","other",""
"https://rempireshop.com/ru/products/paul-mitchell-curl-round-trip-defining-serum","/shop/","other",""
"https://rempireshop.com/ru/products/paul-mitchell-curl-full-circle-leave-in-cream","/shop/","other",""
"https://rempireshop.com/ru/products/paul-mitchell-curl-twirl-around-cream-serum","/shop/","other",""
"https://rempireshop.com/ru/products/paul-mitchell-curl-refreshing-mist","/shop/","other",""
"https://rempireshop.com/ru/products/paul-mitchell-curl-hydrating-foam","/shop/","other",""
"https://rempireshop.com/ru/products/paul-mitchell-clear-essential-shampoo","/shop/","other",""
"https://rempireshop.com/ru/products/paul-mitchell-clear-essential-conditioner","/shop/","other",""
"https://rempireshop.com/ru/products/paul-mitchell-clear-styling-glaze","/shop/","other",""
"https://rempireshop.com/ru/products/paul-mitchell-clear-smoothing-serum","/shop/","other",""
"https://rempireshop.com/ru/products/paul-mitchell-clear-jelly-mask","/shop/","other",""
"https://rempireshop.com/ru/products/paul-mitchell-curl-quick-slip-styling-cream","/shop/","other",""
"https://rempireshop.com/ru/products/paul-mitchell-awapuhi-texturizing-sea-spray","/shop/","other",""
"https://rempireshop.com/ru/products/paul-mitchell-mitch-construction-paste-flexible-styling-paste","/shop/","other",""
"https://rempireshop.com/ru/products/paul-mitchell-mitch-steady-grip-styling-gel","/shop/","other",""
"https://rempireshop.com/ru/pages/contact","/shop/","other",""
"https://rempireshop.com/ru/pages/right-to-return","/shop/","other",""
"https://rempireshop.com/ru/pages/data-sharing-opt-out","/shop/","other",""
"https://rempireshop.com/ru/collections/soap","/shop/","other",""
"https://rempireshop.com/ru/collections/all-prioducts-rus","/shop/","other",""
"https://rempireshop.com/ru/collections/kevin-murphy","/shop/","other",""
"https://rempireshop.com/ru/collections/cosmetics","/shop/","other",""
"https://rempireshop.com/ru/collections/rempire-merch","/shop/","other",""
"https://rempireshop.com/ru/collections/system-4","/shop/","other",""
"https://rempireshop.com/ru/collections/lumin-skin","/shop/","other",""
"https://rempireshop.com/ru/collections/captain-fawcett","/shop/","other",""
"https://rempireshop.com/ru/collections/cbd-daily-haircare","/shop/","other",""
"https://rempireshop.com/ru/collections/uhod-za-volosami","/shop/","other",""
"https://rempireshop.com/ru/collections/uhod-za-kozhey","/shop/","other",""
"https://rempireshop.com/ru/collections/uhod-za-borodoy","/shop/","other",""
"https://rempireshop.com/ru/collections/black-friday","/shop/","other",""
"https://rempireshop.com/ru/collections/black-friday-1","/shop/","other",""
"https://rempireshop.com/ru/collections/korean-cosmetics","/shop/","other",""
"https://rempireshop.com/ru/collections/davines","/shop/","other",""
"https://rempireshop.com/ru/collections/winter-deals","/shop/","other",""
"https://rempireshop.com/ru/collections/brands","/shop/","other",""
"https://rempireshop.com/ru/collections/top-brendy","/shop/","other",""
"https://rempireshop.com/ru/collections/stayling-dlya-volos","/shop/","other",""
"https://rempireshop.com/ru/collections/shampuni-dlya-volos","/shop/","other",""
"https://rempireshop.com/ru/collections/konditsionery-dlya-volos","/shop/","other",""
"https://rempireshop.com/ru/collections/laki-dlya-volos","/shop/","other",""
"https://rempireshop.com/ru/collections/rempire-merch-1","/shop/","other",""
"https://rempireshop.com/ru/collections/skraby-dlya-golovy","/shop/","other",""
"https://rempireshop.com/ru/collections/maski-dlya-volos","/shop/","other",""
"https://rempireshop.com/ru/collections/losony-dlya-volos","/shop/","other",""
"https://rempireshop.com/ru/collections/vosk-dlya-volos","/shop/","other",""
"https://rempireshop.com/ru/collections/maslo-dlya-borody","/shop/","other",""
"https://rempireshop.com/ru/collections/balzam-dlya-borody","/shop/","other",""
"https://rempireshop.com/ru/collections/vosk-dlya-borody-i-usov","/shop/","other",""
"https://rempireshop.com/ru/collections/sredstva-dlya-britya","/shop/","other",""
"https://rempireshop.com/ru/collections/losony-posle-britya","/shop/","other",""
"https://rempireshop.com/ru/collections/sredstva-dlya-britya-1","/shop/","other",""
"https://rempireshop.com/ru/collections/losony-toniki-dlya-tela","/shop/","other",""
"https://rempireshop.com/ru/collections/uvlazhnyayushchie-kremy","/shop/","other",""
"https://rempireshop.com/ru/collections/mylo-geli-dlya-dusha","/shop/","other",""
"https://rempireshop.com/ru/collections/maski-dlya-litsa","/shop/","other",""
"https://rempireshop.com/ru/collections/uhod-za-telom","/shop/","other",""
"https://rempireshop.com/ru/collections/parfyumeriya","/shop/","other",""
"https://rempireshop.com/ru/collections/uhod-za-litsom","/shop/","other",""
"https://rempireshop.com/ru/collections/uhod-za-kozhey-glaz","/shop/","other",""
"https://rempireshop.com/ru/collections/merch","/shop/","other",""
"https://rempireshop.com/ru/collections/vse-tovary","/shop/","other",""
"https://rempireshop.com/ru/collections/new-products","/shop/","other",""
"https://rempireshop.com/ru/collections/popular-products","/shop/","other",""
"https://rempireshop.com/ru/collections/latest-arrivals","/shop/","other",""
"https://rempireshop.com/ru/blogs/news","/shop/","other",""
"https://rempireshop.com/ru/blogs/blog","/shop/","other",""
"https://rempireshop.com/ru/blogs/news/the-ultimate-guide-on-how-to-moisturize-your-skin-for-a-healthy-glow","/shop/","other",""
"https://rempireshop.com/en-lv","/shop/","other",""
"https://rempireshop.com/en-lv/products/handmade-soap-666","/shop/","other",""
"https://rempireshop.com/en-lv/products/handmade-soap-rule-nr-1","/shop/","other",""
"https://rempireshop.com/en-lv/products/delivery","/shop/","other",""
"https://rempireshop.com/en-lv/products/deep-cut-t-shirt-with-an-extended-back","/shop/","other",""
"https://rempireshop.com/en-lv/products/king-of-the-night-deep-cut-t-shirt-with-an-extended-back","/shop/","other",""
"https://rempireshop.com/en-lv/products/three-kings","/shop/","other",""
"https://rempireshop.com/en-lv/products/free-hold","/shop/","other",""
"https://rempireshop.com/en-lv/products/maxi-wash","/shop/","other",""
"https://rempireshop.com/en-lv/products/stimulate-me-wash","/shop/","other",""
"https://rempireshop.com/en-lv/products/stimulate-me-rinse","/shop/","other",""
"https://rempireshop.com/en-lv/products/thick-again","/shop/","other",""
"https://rempireshop.com/en-lv/products/easy-rider","/shop/","other",""
"https://rempireshop.com/en-lv/products/night-rider","/shop/","other",""
"https://rempireshop.com/en-lv/products/rough-rider","/shop/","other",""
"https://rempireshop.com/en-lv/products/super-goo","/shop/","other",""
"https://rempireshop.com/en-lv/products/killer-waves","/shop/","other",""
"https://rempireshop.com/en-lv/products/killer-curls","/shop/","other",""
"https://rempireshop.com/en-lv/products/leave-in-repair","/shop/","other",""
"https://rempireshop.com/en-lv/products/repair-me-rinse","/shop/","other",""
"https://rempireshop.com/en-lv/products/touchable","/shop/","other",""
"https://rempireshop.com/en-lv/products/repair-me-wash","/shop/","other",""
"https://rempireshop.com/en-lv/products/cbd-daily-shampoo","/shop/","other",""
"https://rempireshop.com/en-lv/products/cbd-daily-conditioner","/shop/","other",""
"https://rempireshop.com/en-lv/products/system-4-special-shampoo-1","/shop/","other",""
"https://rempireshop.com/en-lv/products/system-4-balancing-shampoo-2","/shop/","other",""
"https://rempireshop.com/en-lv/products/system-4-shale-oil-shampoo-4","/shop/","other",""
"https://rempireshop.com/en-lv/products/system-4-hydro-care-conditioner-h","/shop/","other",""
"https://rempireshop.com/en-lv/products/sim-sensitive-system-4-oil-cure-scalp-treatment-o","/shop/","other",""
"https://rempireshop.com/en-lv/products/sim-sensitive-system-4-scalp-tonic-t","/shop/","other",""
"https://rempireshop.com/en-lv/products/sim-sensitive-system-4-chitosan-hair-repair-r","/shop/","other",""
"https://rempireshop.com/en-lv/products/system-4-mild-shampoo-3","/shop/","other",""
"https://rempireshop.com/en-lv/products/system-4-moisture-scalp-lotion-m","/shop/","other",""
"https://rempireshop.com/en-lv/products/system-4-bio-botanical-serum","/shop/","other",""
"https://rempireshop.com/en-lv/products/system-4-bio-botanical-shampoo","/shop/","other",""
"https://rempireshop.com/en-lv/products/system-4-bio-botanical-vital-cure","/shop/","other",""
"https://rempireshop.com/en-lv/products/powder-puff","/shop/","other",""
"https://rempireshop.com/en-lv/products/hair-resort-spray","/shop/","other",""
"https://rempireshop.com/en-lv/products/bedroom-hair","/shop/","other",""
"https://rempireshop.com/en-lv/products/heated-defense","/shop/","other",""
"https://rempireshop.com/en-lv/products/blow-dry-ever-smooth","/shop/","other",""
"https://rempireshop.com/en-lv/products/doo-over","/shop/","other",""
"https://rempireshop.com/en-lv/products/anti-gravity","/shop/","other",""
"https://rempireshop.com/en-lv/products/anti-gravity-spray","/shop/","other",""
"https://rempireshop.com/en-lv/products/killer-curls-wash","/shop/","other",""
"https://rempireshop.com/en-lv/products/killer-curls-rinse","/shop/","other",""
"https://rempireshop.com/en-lv/products/hair-resort","/shop/","other",""
"https://rempireshop.com/en-lv/products/queen-of-colours","/shop/","other",""
"https://rempireshop.com/en-lv/products/kevin-murphy-killer-twirls","/shop/","other",""
"https://rempireshop.com/en-lv/products/kevin-murphy-motion-lotion","/shop/","other",""
"https://rempireshop.com/en-lv/products/lumin-skin-charcoal-scrub-deep-detox","/shop/","other",""
"https://rempireshop.com/en-lv/products/lumin-skin-dark-circle-defense-balm","/shop/","other",""
"https://rempireshop.com/en-lv/products/lumin-skin-charcoal-face-wash-daily-detox","/shop/","other",""
"https://rempireshop.com/en-lv/products/lumin-skin-wrinkle-defense-serum","/shop/","other",""
"https://rempireshop.com/en-lv/products/lumin-skin-recovery-oil","/shop/","other",""
"https://rempireshop.com/en-lv/products/lumin-skin-keratin-fortifying-conditioner","/shop/","other",""
"https://rempireshop.com/en-lv/products/captain-fawcett-beard-oil-cf-332-private-stock","/shop/","other",""
"https://rempireshop.com/en-lv/products/captain-fawcett-whisky-beard-oil","/shop/","other",""
"https://rempireshop.com/en-lv/products/captain-fawcett-triumphant-beard-oil","/shop/","other",""
"https://rempireshop.com/en-lv/products/captain-fawcett-ricki-hall-booze-baccy-beard-oil","/shop/","other",""
"https://rempireshop.com/en-lv/products/captain-fawcett-barberism%C2%AE-beard-oil","/shop/","other",""
"https://rempireshop.com/en-lv/products/captain-fawcett-nebula-john-petrucci-beard-oil","/shop/","other",""
"https://rempireshop.com/en-lv/products/captain-fawcett-maharajah-beard-oil","/shop/","other",""
"https://rempireshop.com/en-lv/products/captain-fawcett-sea-salt-spray","/shop/","other",""
"https://rempireshop.com/en-lv/products/captain-fawcett-barberism%C2%AE-moustache-wax","/shop/","other",""
"https://rempireshop.com/en-lv/products/captain-fawcett-ricki-hall-booze-baccy-moustache-wax","/shop/","other",""
"https://rempireshop.com/en-lv/products/captain-fawcett-nebula-moustache-wax","/shop/","other",""
"https://rempireshop.com/en-lv/products/captain-fawcett-ricki-hall-booze-baccy-beard-balm","/shop/","other",""
"https://rempireshop.com/en-lv/products/captain-fawcett-sid-sottung-barberism%C2%AE-beard-balm","/shop/","other",""
"https://rempireshop.com/en-lv/products/captain-fawcett-nebula-john-petrucci-beard-balm","/shop/","other",""
"https://rempireshop.com/en-lv/products/kevin-muprhy-blonde-angel-wash","/shop/","other",""
"https://rempireshop.com/en-lv/products/kevin-murphy-blonde-angel","/shop/","other",""
"https://rempireshop.com/en-lv/products/kevin-murphy-angel-rinse","/shop/","other",""
"https://rempireshop.com/en-lv/products/kevin-murphy-angel-wash","/shop/","other",""
"https://rempireshop.com/en-lv/products/kevin-murphy-hydrate-me-rinse","/shop/","other",""
"https://rempireshop.com/en-lv/products/kevin-muprhy-hydrate-me-wash","/shop/","other",""
"https://rempireshop.com/en-lv/products/kevin-murphy-shimmer-me-blonde","/shop/","other",""
"https://rempireshop.com/en-lv/products/dead-head-butterfly","/shop/","other",""
"https://rempireshop.com/en-lv/products/davines-hair-beard-body-wash","/shop/","other",""
"https://rempireshop.com/en-lv/products/davines-medium-hold-styling-paste","/shop/","other",""
"https://rempireshop.com/en-lv/products/davines-non-foaming-transparent-shaving-gel","/shop/","other",""
"https://rempireshop.com/en-lv/products/davines-softening-shaving-gel","/shop/","other",""
"https://rempireshop.com/en-lv/products/davines-pre-shaving-beard-oil","/shop/","other",""
"https://rempireshop.com/en-lv/products/davines-pasta-love-strong-hold-mat-clay","/shop/","other",""
"https://rempireshop.com/en-lv/products/kevin-muprhy-plumping-wash","/shop/","other",""
"https://rempireshop.com/en-lv/products/kevin-muprhy-plumping-rinse","/shop/","other",""
"https://rempireshop.com/en-lv/products/kevin-muprhy-shimmer-shine","/shop/","other",""
"https://rempireshop.com/en-lv/products/kevin-murphy-young-again-wash","/shop/","other",""
"https://rempireshop.com/en-lv/products/kevin-murphy-young-again-rinse","/shop/","other",""
"https://rempireshop.com/en-lv/products/kevin-murphy-young-again-masque","/shop/","other",""
"https://rempireshop.com/en-lv/products/kevin-murphy-young-again-oil","/shop/","other",""
"https://rempireshop.com/en-lv/products/kevin-murphy-staying-alive-spray","/shop/","other",""
"https://rempireshop.com/en-lv/products/kevin-murphy-smooth-again-rinse","/shop/","other",""
"https://rempireshop.com/en-lv/products/kevin-murphy-smooth-again","/shop/","other",""
"https://rempireshop.com/en-lv/products/kevin-murphy-hydrate-me-masque","/shop/","other",""
"https://rempireshop.com/en-lv/products/kevin-murphy-everlasting-colour-wash","/shop/","other",""
"https://rempireshop.com/en-lv/products/kevin-murphy-everlasting-colour-rinse","/shop/","other",""
"https://rempireshop.com/en-lv/products/kevin-murphy-everlasting-colour-leave-in","/shop/","other",""
"https://rempireshop.com/en-lv/products/kevin-murphy-body-mass","/shop/","other",""
"https://rempireshop.com/en-lv/products/kevin-murphy-crystal-angel","/shop/","other",""
"https://rempireshop.com/en-lv/products/kevin-murphy-blow-dry-rinse","/shop/","other",""
"https://rempireshop.com/en-lv/products/kevin-murphy-blow-dry-wash","/shop/","other",""
"https://rempireshop.com/en-lv/products/kevin-murphy-full-again","/shop/","other",""
"https://rempireshop.com/en-lv/products/kevin-murphy-un-tangled-spray","/shop/","other",""
"https://rempireshop.com/en-lv/products/kevin-murphy-session-spray-flex","/shop/","other",""
"https://rempireshop.com/en-lv/products/kevin-murphy-session-spray","/shop/","other",""
"https://rempireshop.com/en-lv/products/davines-the-renaissance-circle","/shop/","other",""
"https://rempireshop.com/en-lv/products/davines-the-restless-circle","/shop/","other",""
"https://rempireshop.com/en-lv/products/davines-the-spotlight-circle","/shop/","other",""
"https://rempireshop.com/en-lv/products/davines-the-quick-fix-circle","/shop/","other",""
"https://rempireshop.com/en-lv/products/kevin-murphy-angel-masque","/shop/","other",""
"https://rempireshop.com/en-lv/products/davines-rebalancing-shampoo","/shop/","other",""
"https://rempireshop.com/en-lv/products/davines-replumping-shampoo","/shop/","other",""
"https://rempireshop.com/en-lv/products/davines-energizing-shampoo","/shop/","other",""
"https://rempireshop.com/en-lv/products/davines-purifying-shampoo","/shop/","other",""
"https://rempireshop.com/en-lv/products/davines-nourishing-shampoo","/shop/","other",""
"https://rempireshop.com/en-lv/products/davines-calming-shampoo","/shop/","other",""
"https://rempireshop.com/en-lv/products/davines-detoxifying-scrub-shampoo","/shop/","other",""
"https://rempireshop.com/en-lv/products/davines-wellbeing-shampoo","/shop/","other",""
"https://rempireshop.com/en-lv/products/davines-renewing-shampoo","/shop/","other",""
"https://rempireshop.com/en-lv/products/young-again-dry-conditioner","/shop/","other",""
"https://rempireshop.com/en-lv/products/kevin-murphy-fresh-hair-1","/shop/","other",""
"https://rempireshop.com/en-lv/products/kevin-murphy-smooth-again-wash","/shop/","other",""
"https://rempireshop.com/en-lv/products/cosrx-aloe-sun-cream","/shop/","other",""
"https://rempireshop.com/en-lv/products/cosrx-advanced-snail-96-mucin-power-essence","/shop/","other",""
"https://rempireshop.com/en-lv/products/cosrx-advanced-snail-hydrogel-eye-patch-60pcs","/shop/","other",""
"https://rempireshop.com/en-lv/products/cosrx-advanced-snail-92-all-in-one-cream","/shop/","other",""
"https://rempireshop.com/en-lv/products/anua-heartleaf-77-soothing-toner","/shop/","other",""
"https://rempireshop.com/en-lv/products/laneige-cica-sleeping-mask","/shop/","other",""
"https://rempireshop.com/en-lv/products/gummy-sheet-mask-madecassoside-sticker","/shop/","other",""
"https://rempireshop.com/en-lv/products/real-nature-green-tea-mask-sheet","/shop/","other",""
"https://rempireshop.com/en-lv/products/gatsby-moving-rubber-wild-shake-15g","/shop/","other",""
"https://rempireshop.com/en-lv/products/gatsby-moving-rubber-hair-wax-80g","/shop/","other",""
"https://rempireshop.com/en-lv/products/body-builder","/shop/","other",""
"https://rempireshop.com/en-lv/products/oversized-t-shirt-unisex","/shop/","other",""
"https://rempireshop.com/en-lv/products/oversized-t-shirt-unisex-with-print","/shop/","other",""
"https://rempireshop.com/en-lv/products/siim-hanikat-x-rempire","/shop/","other",""
"https://rempireshop.com/en-lv/products/kevin-murphy-re-store","/shop/","other",""
"https://rempireshop.com/en-lv/products/proraso-beard-oil-wood-spice-cedar-wood-citrus-fragrance-30ml","/shop/","other",""
"https://rempireshop.com/en-lv/products/proraso-beard-oil-cypress-vetyver-30ml","/shop/","other",""
"https://rempireshop.com/en-lv/products/proraso-beard-oil-green-refreshing-30ml","/shop/","other",""
"https://rempireshop.com/en-lv/products/proraso-beard-oil-azur-lime-30ml","/shop/","other",""
"https://rempireshop.com/en-lv/products/proraso-green-refreshing-aftershave-lotion-menthol-splash-100ml","/shop/","other",""
"https://rempireshop.com/en-lv/products/proraso-red-nourishing-aftershave-lotion-100ml","/shop/","other",""
"https://rempireshop.com/en-lv/products/proraso-aftershave-balm-green-refreshing-alcohol-free-mentholated-100ml","/shop/","other",""
"https://rempireshop.com/en-lv/products/proraso-blue-protect-aftershave-balm-aloe-and-vitamin-e-100ml","/shop/","other",""
"https://rempireshop.com/en-lv/products/proraso-white-aftershave-balm-soothing-for-sensitive-skin-100ml","/shop/","other",""
"https://rempireshop.com/en-lv/products/captain-fawcett-expedition-reserve-matt-styling-and-volumising-hair-powder","/shop/","other",""
"https://rempireshop.com/en-lv/products/cosrx-aha-bha-clarifying-treatment-toner","/shop/","other",""
"https://rempireshop.com/en-lv/products/cosrx-low-ph-good-morning-gel-cleanser","/shop/","other",""
"https://rempireshop.com/en-lv/products/cosrx-full-fit-propolis-synergy-toner","/shop/","other",""
"https://rempireshop.com/en-lv/products/anua-heartleaf-pore-control-cleansing-oil","/shop/","other",""
"https://rempireshop.com/en-lv/products/gatsby-moving-rubber-grunge-mat-grey-hair-wax","/shop/","other",""
"https://rempireshop.com/en-lv/products/kilian-unisex-kologne-shield-of-protection-eau-de-parfum-spray-50ml","/shop/","other",""
"https://rempireshop.com/en-lv/products/tom-ford-neroli-port-eau-de-parfum-spray-50ml","/shop/","other",""
"https://rempireshop.com/en-lv/products/tom-ford-black-orchid-eau-de-perfume-spray-100ml","/shop/","other",""
"https://rempireshop.com/en-lv/products/creed-aventus-eau-de-parfum-for-men-50ml","/shop/","other",""
"https://rempireshop.com/en-lv/products/byredo-blanche-50ml","/shop/","other",""
"https://rempireshop.com/en-lv/products/baccarat-rouge-540-eau-de-parfum-70ml","/shop/","other",""
"https://rempireshop.com/en-lv/products/yumain-tattoo-cream","/shop/","other",""
"https://rempireshop.com/en-lv/products/yumain-tattoo-balm-the-ultimate-care-for-your-tattoos","/shop/","other",""
"https://rempireshop.com/en-lv/products/yumain-aftercare-washing-foam-expert-care-for-your-tattoos","/shop/","other",""
"https://rempireshop.com/en-lv/products/byredo-mojave-ghost-eau-de-parfum-spray-50ml","/shop/","other",""
"https://rempireshop.com/en-lv/products/anua-heartleaf-quercetinol-pore-deep-cleansing-foam","/shop/","other",""
"https://rempireshop.com/en-lv/products/anua-niacinamide-10-txa-4-serum","/shop/","other",""
"https://rempireshop.com/en-lv/products/anua-bha-2-gentle-exfoliating-toner-150ml","/shop/","other",""
"https://rempireshop.com/en-lv/products/mandom-gatsby-moving-rubber","/shop/","other",""
"https://rempireshop.com/en-lv/products/roja-scandal-parfum-pour-femme-50ml","/shop/","other",""
"https://rempireshop.com/en-lv/products/christian-dior-homme-intense-eau-de-parfum-50ml","/shop/","other",""
"https://rempireshop.com/en-lv/products/xerjoff-tony-iommi-monkey-special-50ml","/shop/","other",""
"https://rempireshop.com/en-lv/products/xerjoff-1861-naxos-eau-de-parfum-100ml","/shop/","other",""
"https://rempireshop.com/en-lv/products/proraso-azur-lime-after-shave-balm-100-ml","/shop/","other",""
"https://rempireshop.com/en-lv/products/proraso-wood-spice-beard-balm-100ml","/shop/","other",""
"https://rempireshop.com/en-lv/products/yumain-numb-serum-instant-pain-relief-for-tattoos","/shop/","other",""
"https://rempireshop.com/en-lv/products/guerlain-aqua-allegoria-forte-bosca-vanilla-edp-125ml","/shop/","other",""
"https://rempireshop.com/en-lv/products/guerlain-habit-rouge-eau-de-parfum-100ml","/shop/","other",""
"https://rempireshop.com/en-lv/products/versace-man-fraiche-eau-de-toilette-for-men-100ml","/shop/","other",""
"https://rempireshop.com/en-lv/products/creed-creed-aventus-cologne-50ml","/shop/","other",""
"https://rempireshop.com/en-lv/products/davines-naturaltech-nourishing-keratin-sealer-100-ml","/shop/","other",""
"https://rempireshop.com/en-lv/products/davines-naturaltech-nourishing-keratin-booster-100ml","/shop/","other",""
"https://rempireshop.com/en-lv/products/oversized-t-shirt-unisex-with-print-love-is-the-gun","/shop/","other",""
"https://rempireshop.com/en-lv/products/oversized-t-shirt-unisex-with-print-t-shirt-three-elements-fire","/shop/","other",""
"https://rempireshop.com/en-lv/products/oversized-t-shirt-unisex-with-print-t-shirt-three-elements-water","/shop/","other",""
"https://rempireshop.com/en-lv/products/oversized-t-shirt-unisex-with-print-three-elements-air","/shop/","other",""
"https://rempireshop.com/en-lv/products/kevin-murphy-night-shift-100ml","/shop/","other",""
"https://rempireshop.com/en-lv/products/byredo-blanche-body-wash-225-ml-for-women","/shop/","other",""
"https://rempireshop.com/en-lv/products/paul-mitchell-tea-tree-special-shampoo","/shop/","other",""
"https://rempireshop.com/en-lv/products/paul-mitchell-tea-tree-special-conditioner","/shop/","other",""
"https://rempireshop.com/en-lv/products/paul-mitchell-shampoo-two","/shop/","other",""
"https://rempireshop.com/en-lv/products/paul-mitchell-tea-tree-lavender-mint-shampoo","/shop/","other",""
"https://rempireshop.com/en-lv/products/paul-mitchell-awapuhi-shampoo","/shop/","other",""
"https://rempireshop.com/en-lv/products/paul-mitchell-awapuhi-conditioner","/shop/","other",""
"https://rempireshop.com/en-lv/products/paul-mitchell-color-protect-shampoo","/shop/","other",""
"https://rempireshop.com/en-lv/products/paul-mitchell-color-protect-conditioner","/shop/","other",""
"https://rempireshop.com/en-lv/products/paul-mitchell-sheer-hydration-conditioner","/shop/","other",""
"https://rempireshop.com/en-lv/products/paul-mitchell-tea-tree-special-conditioner-1","/shop/","other",""
"https://rempireshop.com/en-lv/products/paul-mitchell-sheer-hydration-shampoo","/shop/","other",""
"https://rempireshop.com/en-lv/products/paul-mitchell-super-smooth-conditioner","/shop/","other",""
"https://rempireshop.com/en-lv/products/paul-mitchell-super-smooth-shampoo","/shop/","other",""
"https://rempireshop.com/en-lv/products/paul-mitchell-super-skinny-serum","/shop/","other",""
"https://rempireshop.com/en-lv/products/paul-mitchell-awapuhi-shampoo-1","/shop/","other",""
"https://rempireshop.com/en-lv/products/paul-mitchell-awapuhi-wild-ginger-repair-cream-rinse","/shop/","other",""
"https://rempireshop.com/en-lv/products/paul-mitchell-mitch-double-hitter-2-in-1-shampoo-conditioner","/shop/","other",""
"https://rempireshop.com/en-lv/products/paul-mitchell-forever-blonde-shampoo","/shop/","other",""
"https://rempireshop.com/en-lv/products/paul-mitchell-forever-blonde-conditioner","/shop/","other",""
"https://rempireshop.com/en-lv/products/paul-mitchell-extra-body-daily-shampoo","/shop/","other",""
"https://rempireshop.com/en-lv/products/paul-mitchell-curl-round-trip-defining-serum","/shop/","other",""
"https://rempireshop.com/en-lv/products/paul-mitchell-curl-full-circle-leave-in-cream","/shop/","other",""
"https://rempireshop.com/en-lv/products/paul-mitchell-curl-twirl-around-cream-serum","/shop/","other",""
"https://rempireshop.com/en-lv/products/paul-mitchell-curl-refreshing-mist","/shop/","other",""
"https://rempireshop.com/en-lv/products/paul-mitchell-curl-hydrating-foam","/shop/","other",""
"https://rempireshop.com/en-lv/products/paul-mitchell-clear-essential-shampoo","/shop/","other",""
"https://rempireshop.com/en-lv/products/paul-mitchell-clear-essential-conditioner","/shop/","other",""
"https://rempireshop.com/en-lv/products/paul-mitchell-clear-styling-glaze","/shop/","other",""
"https://rempireshop.com/en-lv/products/paul-mitchell-clear-smoothing-serum","/shop/","other",""
"https://rempireshop.com/en-lv/products/paul-mitchell-clear-jelly-mask","/shop/","other",""
"https://rempireshop.com/en-lv/products/paul-mitchell-curl-quick-slip-styling-cream","/shop/","other",""
"https://rempireshop.com/en-lv/products/paul-mitchell-awapuhi-texturizing-sea-spray","/shop/","other",""
"https://rempireshop.com/en-lv/products/paul-mitchell-mitch-construction-paste-flexible-styling-paste","/shop/","other",""
"https://rempireshop.com/en-lv/products/paul-mitchell-mitch-steady-grip-styling-gel","/shop/","other",""
"https://rempireshop.com/en-lv/pages/contact","/shop/","other",""
"https://rempireshop.com/en-lv/pages/right-to-return","/shop/","other",""
"https://rempireshop.com/en-lv/pages/data-sharing-opt-out","/shop/","other",""
"https://rempireshop.com/en-lv/collections/soap","/shop/","other",""
"https://rempireshop.com/en-lv/collections/shop-all-1","/shop/","other",""
"https://rempireshop.com/en-lv/collections/kevin-murphy","/shop/","other",""
"https://rempireshop.com/en-lv/collections/cosmetics","/shop/","other",""
"https://rempireshop.com/en-lv/collections/rempire-merch","/shop/","other",""
"https://rempireshop.com/en-lv/collections/system-4","/shop/","other",""
"https://rempireshop.com/en-lv/collections/lumin-skin","/shop/","other",""
"https://rempireshop.com/en-lv/collections/captain-fawcett","/shop/","other",""
"https://rempireshop.com/en-lv/collections/cbd-daily-haircare","/shop/","other",""
"https://rempireshop.com/en-lv/collections/hair-care","/shop/","other",""
"https://rempireshop.com/en-lv/collections/skin-care","/shop/","other",""
"https://rempireshop.com/en-lv/collections/beard-care","/shop/","other",""
"https://rempireshop.com/en-lv/collections/black-friday","/shop/","other",""
"https://rempireshop.com/en-lv/collections/black-friday-1","/shop/","other",""
"https://rempireshop.com/en-lv/collections/korean-cosmetics","/shop/","other",""
"https://rempireshop.com/en-lv/collections/davines","/shop/","other",""
"https://rempireshop.com/en-lv/collections/winter-deals","/shop/","other",""
"https://rempireshop.com/en-lv/collections/brands","/shop/","other",""
"https://rempireshop.com/en-lv/collections/top-brands","/shop/","other",""
"https://rempireshop.com/en-lv/collections/hair-styling","/shop/","other",""
"https://rempireshop.com/en-lv/collections/shampoo","/shop/","other",""
"https://rempireshop.com/en-lv/collections/conditioner","/shop/","other",""
"https://rempireshop.com/en-lv/collections/hair-spray","/shop/","other",""
"https://rempireshop.com/en-lv/collections/rempire-merch-1","/shop/","other",""
"https://rempireshop.com/en-lv/collections/scalp-treatment","/shop/","other",""
"https://rempireshop.com/en-lv/collections/hair-mask","/shop/","other",""
"https://rempireshop.com/en-lv/collections/hair-lotion","/shop/","other",""
"https://rempireshop.com/en-lv/collections/hair-wax","/shop/","other",""
"https://rempireshop.com/en-lv/collections/beard-oil","/shop/","other",""
"https://rempireshop.com/en-lv/collections/beard-balm","/shop/","other",""
"https://rempireshop.com/en-lv/collections/beard-and-mustache-wax","/shop/","other",""
"https://rempireshop.com/en-lv/collections/shaving","/shop/","other",""
"https://rempireshop.com/en-lv/collections/aftershave","/shop/","other",""
"https://rempireshop.com/en-lv/collections/beard-styling","/shop/","other",""
"https://rempireshop.com/en-lv/collections/lotions-and-toners","/shop/","other",""
"https://rempireshop.com/en-lv/collections/moisturizer","/shop/","other",""
"https://rempireshop.com/en-lv/collections/soap-and-body-wash","/shop/","other",""
"https://rempireshop.com/en-lv/collections/face-sheet-masks","/shop/","other",""
"https://rempireshop.com/en-lv/collections/body-care","/shop/","other",""
"https://rempireshop.com/en-lv/collections/perfume","/shop/","other",""
"https://rempireshop.com/en-lv/collections/face-care","/shop/","other",""
"https://rempireshop.com/en-lv/collections/eye-care","/shop/","other",""
"https://rempireshop.com/en-lv/collections/merch","/shop/","other",""
"https://rempireshop.com/en-lv/collections/all-products","/shop/","other",""
"https://rempireshop.com/en-lv/collections/new-products","/shop/","other",""
"https://rempireshop.com/en-lv/collections/popular-products","/shop/","other",""
"https://rempireshop.com/en-lv/collections/latest-arrivals","/shop/","other",""
"https://rempireshop.com/en-lv/blogs/news","/shop/","other",""
"https://rempireshop.com/en-lv/blogs/blog","/shop/","other",""
"https://rempireshop.com/en-lv/blogs/news/the-ultimate-guide-on-how-to-moisturize-your-skin-for-a-healthy-glow","/shop/","other",""
"https://rempireshop.com/en-lt","/shop/","other",""
"https://rempireshop.com/en-lt/products/handmade-soap-666","/shop/","other",""
"https://rempireshop.com/en-lt/products/handmade-soap-rule-nr-1","/shop/","other",""
"https://rempireshop.com/en-lt/products/delivery","/shop/","other",""
"https://rempireshop.com/en-lt/products/deep-cut-t-shirt-with-an-extended-back","/shop/","other",""
"https://rempireshop.com/en-lt/products/king-of-the-night-deep-cut-t-shirt-with-an-extended-back","/shop/","other",""
"https://rempireshop.com/en-lt/products/three-kings","/shop/","other",""
"https://rempireshop.com/en-lt/products/free-hold","/shop/","other",""
"https://rempireshop.com/en-lt/products/maxi-wash","/shop/","other",""
"https://rempireshop.com/en-lt/products/stimulate-me-wash","/shop/","other",""
"https://rempireshop.com/en-lt/products/stimulate-me-rinse","/shop/","other",""
"https://rempireshop.com/en-lt/products/thick-again","/shop/","other",""
"https://rempireshop.com/en-lt/products/easy-rider","/shop/","other",""
"https://rempireshop.com/en-lt/products/night-rider","/shop/","other",""
"https://rempireshop.com/en-lt/products/rough-rider","/shop/","other",""
"https://rempireshop.com/en-lt/products/super-goo","/shop/","other",""
"https://rempireshop.com/en-lt/products/killer-waves","/shop/","other",""
"https://rempireshop.com/en-lt/products/killer-curls","/shop/","other",""
"https://rempireshop.com/en-lt/products/leave-in-repair","/shop/","other",""
"https://rempireshop.com/en-lt/products/repair-me-rinse","/shop/","other",""
"https://rempireshop.com/en-lt/products/touchable","/shop/","other",""
"https://rempireshop.com/en-lt/products/repair-me-wash","/shop/","other",""
"https://rempireshop.com/en-lt/products/cbd-daily-shampoo","/shop/","other",""
"https://rempireshop.com/en-lt/products/cbd-daily-conditioner","/shop/","other",""
"https://rempireshop.com/en-lt/products/system-4-special-shampoo-1","/shop/","other",""
"https://rempireshop.com/en-lt/products/system-4-balancing-shampoo-2","/shop/","other",""
"https://rempireshop.com/en-lt/products/system-4-shale-oil-shampoo-4","/shop/","other",""
"https://rempireshop.com/en-lt/products/system-4-hydro-care-conditioner-h","/shop/","other",""
"https://rempireshop.com/en-lt/products/sim-sensitive-system-4-oil-cure-scalp-treatment-o","/shop/","other",""
"https://rempireshop.com/en-lt/products/sim-sensitive-system-4-scalp-tonic-t","/shop/","other",""
"https://rempireshop.com/en-lt/products/sim-sensitive-system-4-chitosan-hair-repair-r","/shop/","other",""
"https://rempireshop.com/en-lt/products/system-4-mild-shampoo-3","/shop/","other",""
"https://rempireshop.com/en-lt/products/system-4-moisture-scalp-lotion-m","/shop/","other",""
"https://rempireshop.com/en-lt/products/system-4-bio-botanical-serum","/shop/","other",""
"https://rempireshop.com/en-lt/products/system-4-bio-botanical-shampoo","/shop/","other",""
"https://rempireshop.com/en-lt/products/system-4-bio-botanical-vital-cure","/shop/","other",""
"https://rempireshop.com/en-lt/products/powder-puff","/shop/","other",""
"https://rempireshop.com/en-lt/products/hair-resort-spray","/shop/","other",""
"https://rempireshop.com/en-lt/products/bedroom-hair","/shop/","other",""
"https://rempireshop.com/en-lt/products/heated-defense","/shop/","other",""
"https://rempireshop.com/en-lt/products/blow-dry-ever-smooth","/shop/","other",""
"https://rempireshop.com/en-lt/products/doo-over","/shop/","other",""
"https://rempireshop.com/en-lt/products/anti-gravity","/shop/","other",""
"https://rempireshop.com/en-lt/products/anti-gravity-spray","/shop/","other",""
"https://rempireshop.com/en-lt/products/killer-curls-wash","/shop/","other",""
"https://rempireshop.com/en-lt/products/killer-curls-rinse","/shop/","other",""
"https://rempireshop.com/en-lt/products/hair-resort","/shop/","other",""
"https://rempireshop.com/en-lt/products/queen-of-colours","/shop/","other",""
"https://rempireshop.com/en-lt/products/kevin-murphy-killer-twirls","/shop/","other",""
"https://rempireshop.com/en-lt/products/kevin-murphy-motion-lotion","/shop/","other",""
"https://rempireshop.com/en-lt/products/lumin-skin-charcoal-scrub-deep-detox","/shop/","other",""
"https://rempireshop.com/en-lt/products/lumin-skin-dark-circle-defense-balm","/shop/","other",""
"https://rempireshop.com/en-lt/products/lumin-skin-charcoal-face-wash-daily-detox","/shop/","other",""
"https://rempireshop.com/en-lt/products/lumin-skin-wrinkle-defense-serum","/shop/","other",""
"https://rempireshop.com/en-lt/products/lumin-skin-recovery-oil","/shop/","other",""
"https://rempireshop.com/en-lt/products/lumin-skin-keratin-fortifying-conditioner","/shop/","other",""
"https://rempireshop.com/en-lt/products/captain-fawcett-beard-oil-cf-332-private-stock","/shop/","other",""
"https://rempireshop.com/en-lt/products/captain-fawcett-whisky-beard-oil","/shop/","other",""
"https://rempireshop.com/en-lt/products/captain-fawcett-triumphant-beard-oil","/shop/","other",""
"https://rempireshop.com/en-lt/products/captain-fawcett-ricki-hall-booze-baccy-beard-oil","/shop/","other",""
"https://rempireshop.com/en-lt/products/captain-fawcett-barberism%C2%AE-beard-oil","/shop/","other",""
"https://rempireshop.com/en-lt/products/captain-fawcett-nebula-john-petrucci-beard-oil","/shop/","other",""
"https://rempireshop.com/en-lt/products/captain-fawcett-maharajah-beard-oil","/shop/","other",""
"https://rempireshop.com/en-lt/products/captain-fawcett-sea-salt-spray","/shop/","other",""
"https://rempireshop.com/en-lt/products/captain-fawcett-barberism%C2%AE-moustache-wax","/shop/","other",""
"https://rempireshop.com/en-lt/products/captain-fawcett-ricki-hall-booze-baccy-moustache-wax","/shop/","other",""
"https://rempireshop.com/en-lt/products/captain-fawcett-nebula-moustache-wax","/shop/","other",""
"https://rempireshop.com/en-lt/products/captain-fawcett-ricki-hall-booze-baccy-beard-balm","/shop/","other",""
"https://rempireshop.com/en-lt/products/captain-fawcett-sid-sottung-barberism%C2%AE-beard-balm","/shop/","other",""
"https://rempireshop.com/en-lt/products/captain-fawcett-nebula-john-petrucci-beard-balm","/shop/","other",""
"https://rempireshop.com/en-lt/products/kevin-muprhy-blonde-angel-wash","/shop/","other",""
"https://rempireshop.com/en-lt/products/kevin-murphy-blonde-angel","/shop/","other",""
"https://rempireshop.com/en-lt/products/kevin-murphy-angel-rinse","/shop/","other",""
"https://rempireshop.com/en-lt/products/kevin-murphy-angel-wash","/shop/","other",""
"https://rempireshop.com/en-lt/products/kevin-murphy-hydrate-me-rinse","/shop/","other",""
"https://rempireshop.com/en-lt/products/kevin-muprhy-hydrate-me-wash","/shop/","other",""
"https://rempireshop.com/en-lt/products/kevin-murphy-shimmer-me-blonde","/shop/","other",""
"https://rempireshop.com/en-lt/products/dead-head-butterfly","/shop/","other",""
"https://rempireshop.com/en-lt/products/davines-hair-beard-body-wash","/shop/","other",""
"https://rempireshop.com/en-lt/products/davines-medium-hold-styling-paste","/shop/","other",""
"https://rempireshop.com/en-lt/products/davines-non-foaming-transparent-shaving-gel","/shop/","other",""
"https://rempireshop.com/en-lt/products/davines-softening-shaving-gel","/shop/","other",""
"https://rempireshop.com/en-lt/products/davines-pre-shaving-beard-oil","/shop/","other",""
"https://rempireshop.com/en-lt/products/davines-pasta-love-strong-hold-mat-clay","/shop/","other",""
"https://rempireshop.com/en-lt/products/kevin-muprhy-plumping-wash","/shop/","other",""
"https://rempireshop.com/en-lt/products/kevin-muprhy-plumping-rinse","/shop/","other",""
"https://rempireshop.com/en-lt/products/kevin-muprhy-shimmer-shine","/shop/","other",""
"https://rempireshop.com/en-lt/products/kevin-murphy-young-again-wash","/shop/","other",""
"https://rempireshop.com/en-lt/products/kevin-murphy-young-again-rinse","/shop/","other",""
"https://rempireshop.com/en-lt/products/kevin-murphy-young-again-masque","/shop/","other",""
"https://rempireshop.com/en-lt/products/kevin-murphy-young-again-oil","/shop/","other",""
"https://rempireshop.com/en-lt/products/kevin-murphy-staying-alive-spray","/shop/","other",""
"https://rempireshop.com/en-lt/products/kevin-murphy-smooth-again-rinse","/shop/","other",""
"https://rempireshop.com/en-lt/products/kevin-murphy-smooth-again","/shop/","other",""
"https://rempireshop.com/en-lt/products/kevin-murphy-hydrate-me-masque","/shop/","other",""
"https://rempireshop.com/en-lt/products/kevin-murphy-everlasting-colour-wash","/shop/","other",""
"https://rempireshop.com/en-lt/products/kevin-murphy-everlasting-colour-rinse","/shop/","other",""
"https://rempireshop.com/en-lt/products/kevin-murphy-everlasting-colour-leave-in","/shop/","other",""
"https://rempireshop.com/en-lt/products/kevin-murphy-body-mass","/shop/","other",""
"https://rempireshop.com/en-lt/products/kevin-murphy-crystal-angel","/shop/","other",""
"https://rempireshop.com/en-lt/products/kevin-murphy-blow-dry-rinse","/shop/","other",""
"https://rempireshop.com/en-lt/products/kevin-murphy-blow-dry-wash","/shop/","other",""
"https://rempireshop.com/en-lt/products/kevin-murphy-full-again","/shop/","other",""
"https://rempireshop.com/en-lt/products/kevin-murphy-un-tangled-spray","/shop/","other",""
"https://rempireshop.com/en-lt/products/kevin-murphy-session-spray-flex","/shop/","other",""
"https://rempireshop.com/en-lt/products/kevin-murphy-session-spray","/shop/","other",""
"https://rempireshop.com/en-lt/products/davines-the-renaissance-circle","/shop/","other",""
"https://rempireshop.com/en-lt/products/davines-the-restless-circle","/shop/","other",""
"https://rempireshop.com/en-lt/products/davines-the-spotlight-circle","/shop/","other",""
"https://rempireshop.com/en-lt/products/davines-the-quick-fix-circle","/shop/","other",""
"https://rempireshop.com/en-lt/products/kevin-murphy-angel-masque","/shop/","other",""
"https://rempireshop.com/en-lt/products/davines-rebalancing-shampoo","/shop/","other",""
"https://rempireshop.com/en-lt/products/davines-replumping-shampoo","/shop/","other",""
"https://rempireshop.com/en-lt/products/davines-energizing-shampoo","/shop/","other",""
"https://rempireshop.com/en-lt/products/davines-purifying-shampoo","/shop/","other",""
"https://rempireshop.com/en-lt/products/davines-nourishing-shampoo","/shop/","other",""
"https://rempireshop.com/en-lt/products/davines-calming-shampoo","/shop/","other",""
"https://rempireshop.com/en-lt/products/davines-detoxifying-scrub-shampoo","/shop/","other",""
"https://rempireshop.com/en-lt/products/davines-wellbeing-shampoo","/shop/","other",""
"https://rempireshop.com/en-lt/products/davines-renewing-shampoo","/shop/","other",""
"https://rempireshop.com/en-lt/products/young-again-dry-conditioner","/shop/","other",""
"https://rempireshop.com/en-lt/products/kevin-murphy-fresh-hair-1","/shop/","other",""
"https://rempireshop.com/en-lt/products/kevin-murphy-smooth-again-wash","/shop/","other",""
"https://rempireshop.com/en-lt/products/cosrx-aloe-sun-cream","/shop/","other",""
"https://rempireshop.com/en-lt/products/cosrx-advanced-snail-96-mucin-power-essence","/shop/","other",""
"https://rempireshop.com/en-lt/products/cosrx-advanced-snail-hydrogel-eye-patch-60pcs","/shop/","other",""
"https://rempireshop.com/en-lt/products/cosrx-advanced-snail-92-all-in-one-cream","/shop/","other",""
"https://rempireshop.com/en-lt/products/anua-heartleaf-77-soothing-toner","/shop/","other",""
"https://rempireshop.com/en-lt/products/laneige-cica-sleeping-mask","/shop/","other",""
"https://rempireshop.com/en-lt/products/gummy-sheet-mask-madecassoside-sticker","/shop/","other",""
"https://rempireshop.com/en-lt/products/real-nature-green-tea-mask-sheet","/shop/","other",""
"https://rempireshop.com/en-lt/products/gatsby-moving-rubber-wild-shake-15g","/shop/","other",""
"https://rempireshop.com/en-lt/products/gatsby-moving-rubber-hair-wax-80g","/shop/","other",""
"https://rempireshop.com/en-lt/products/body-builder","/shop/","other",""
"https://rempireshop.com/en-lt/products/oversized-t-shirt-unisex","/shop/","other",""
"https://rempireshop.com/en-lt/products/oversized-t-shirt-unisex-with-print","/shop/","other",""
"https://rempireshop.com/en-lt/products/siim-hanikat-x-rempire","/shop/","other",""
"https://rempireshop.com/en-lt/products/kevin-murphy-re-store","/shop/","other",""
"https://rempireshop.com/en-lt/products/proraso-beard-oil-wood-spice-cedar-wood-citrus-fragrance-30ml","/shop/","other",""
"https://rempireshop.com/en-lt/products/proraso-beard-oil-cypress-vetyver-30ml","/shop/","other",""
"https://rempireshop.com/en-lt/products/proraso-beard-oil-green-refreshing-30ml","/shop/","other",""
"https://rempireshop.com/en-lt/products/proraso-beard-oil-azur-lime-30ml","/shop/","other",""
"https://rempireshop.com/en-lt/products/proraso-green-refreshing-aftershave-lotion-menthol-splash-100ml","/shop/","other",""
"https://rempireshop.com/en-lt/products/proraso-red-nourishing-aftershave-lotion-100ml","/shop/","other",""
"https://rempireshop.com/en-lt/products/proraso-aftershave-balm-green-refreshing-alcohol-free-mentholated-100ml","/shop/","other",""
"https://rempireshop.com/en-lt/products/proraso-blue-protect-aftershave-balm-aloe-and-vitamin-e-100ml","/shop/","other",""
"https://rempireshop.com/en-lt/products/proraso-white-aftershave-balm-soothing-for-sensitive-skin-100ml","/shop/","other",""
"https://rempireshop.com/en-lt/products/captain-fawcett-expedition-reserve-matt-styling-and-volumising-hair-powder","/shop/","other",""
"https://rempireshop.com/en-lt/products/cosrx-aha-bha-clarifying-treatment-toner","/shop/","other",""
"https://rempireshop.com/en-lt/products/cosrx-low-ph-good-morning-gel-cleanser","/shop/","other",""
"https://rempireshop.com/en-lt/products/cosrx-full-fit-propolis-synergy-toner","/shop/","other",""
"https://rempireshop.com/en-lt/products/anua-heartleaf-pore-control-cleansing-oil","/shop/","other",""
"https://rempireshop.com/en-lt/products/gatsby-moving-rubber-grunge-mat-grey-hair-wax","/shop/","other",""
"https://rempireshop.com/en-lt/products/kilian-unisex-kologne-shield-of-protection-eau-de-parfum-spray-50ml","/shop/","other",""
"https://rempireshop.com/en-lt/products/tom-ford-neroli-port-eau-de-parfum-spray-50ml","/shop/","other",""
"https://rempireshop.com/en-lt/products/tom-ford-black-orchid-eau-de-perfume-spray-100ml","/shop/","other",""
"https://rempireshop.com/en-lt/products/creed-aventus-eau-de-parfum-for-men-50ml","/shop/","other",""
"https://rempireshop.com/en-lt/products/byredo-blanche-50ml","/shop/","other",""
"https://rempireshop.com/en-lt/products/baccarat-rouge-540-eau-de-parfum-70ml","/shop/","other",""
"https://rempireshop.com/en-lt/products/yumain-tattoo-cream","/shop/","other",""
"https://rempireshop.com/en-lt/products/yumain-tattoo-balm-the-ultimate-care-for-your-tattoos","/shop/","other",""
"https://rempireshop.com/en-lt/products/yumain-aftercare-washing-foam-expert-care-for-your-tattoos","/shop/","other",""
"https://rempireshop.com/en-lt/products/byredo-mojave-ghost-eau-de-parfum-spray-50ml","/shop/","other",""
"https://rempireshop.com/en-lt/products/anua-heartleaf-quercetinol-pore-deep-cleansing-foam","/shop/","other",""
"https://rempireshop.com/en-lt/products/anua-niacinamide-10-txa-4-serum","/shop/","other",""
"https://rempireshop.com/en-lt/products/anua-bha-2-gentle-exfoliating-toner-150ml","/shop/","other",""
"https://rempireshop.com/en-lt/products/mandom-gatsby-moving-rubber","/shop/","other",""
"https://rempireshop.com/en-lt/products/roja-scandal-parfum-pour-femme-50ml","/shop/","other",""
"https://rempireshop.com/en-lt/products/christian-dior-homme-intense-eau-de-parfum-50ml","/shop/","other",""
"https://rempireshop.com/en-lt/products/xerjoff-tony-iommi-monkey-special-50ml","/shop/","other",""
"https://rempireshop.com/en-lt/products/xerjoff-1861-naxos-eau-de-parfum-100ml","/shop/","other",""
"https://rempireshop.com/en-lt/products/proraso-azur-lime-after-shave-balm-100-ml","/shop/","other",""
"https://rempireshop.com/en-lt/products/proraso-wood-spice-beard-balm-100ml","/shop/","other",""
"https://rempireshop.com/en-lt/products/yumain-numb-serum-instant-pain-relief-for-tattoos","/shop/","other",""
"https://rempireshop.com/en-lt/products/guerlain-aqua-allegoria-forte-bosca-vanilla-edp-125ml","/shop/","other",""
"https://rempireshop.com/en-lt/products/guerlain-habit-rouge-eau-de-parfum-100ml","/shop/","other",""
"https://rempireshop.com/en-lt/products/versace-man-fraiche-eau-de-toilette-for-men-100ml","/shop/","other",""
"https://rempireshop.com/en-lt/products/creed-creed-aventus-cologne-50ml","/shop/","other",""
"https://rempireshop.com/en-lt/products/davines-naturaltech-nourishing-keratin-sealer-100-ml","/shop/","other",""
"https://rempireshop.com/en-lt/products/davines-naturaltech-nourishing-keratin-booster-100ml","/shop/","other",""
"https://rempireshop.com/en-lt/products/oversized-t-shirt-unisex-with-print-love-is-the-gun","/shop/","other",""
"https://rempireshop.com/en-lt/products/oversized-t-shirt-unisex-with-print-t-shirt-three-elements-fire","/shop/","other",""
"https://rempireshop.com/en-lt/products/oversized-t-shirt-unisex-with-print-t-shirt-three-elements-water","/shop/","other",""
"https://rempireshop.com/en-lt/products/oversized-t-shirt-unisex-with-print-three-elements-air","/shop/","other",""
"https://rempireshop.com/en-lt/products/kevin-murphy-night-shift-100ml","/shop/","other",""
"https://rempireshop.com/en-lt/products/byredo-blanche-body-wash-225-ml-for-women","/shop/","other",""
"https://rempireshop.com/en-lt/products/paul-mitchell-tea-tree-special-shampoo","/shop/","other",""
"https://rempireshop.com/en-lt/products/paul-mitchell-tea-tree-special-conditioner","/shop/","other",""
"https://rempireshop.com/en-lt/products/paul-mitchell-shampoo-two","/shop/","other",""
"https://rempireshop.com/en-lt/products/paul-mitchell-tea-tree-lavender-mint-shampoo","/shop/","other",""
"https://rempireshop.com/en-lt/products/paul-mitchell-awapuhi-shampoo","/shop/","other",""
"https://rempireshop.com/en-lt/products/paul-mitchell-awapuhi-conditioner","/shop/","other",""
"https://rempireshop.com/en-lt/products/paul-mitchell-color-protect-shampoo","/shop/","other",""
"https://rempireshop.com/en-lt/products/paul-mitchell-color-protect-conditioner","/shop/","other",""
"https://rempireshop.com/en-lt/products/paul-mitchell-sheer-hydration-conditioner","/shop/","other",""
"https://rempireshop.com/en-lt/products/paul-mitchell-tea-tree-special-conditioner-1","/shop/","other",""
"https://rempireshop.com/en-lt/products/paul-mitchell-sheer-hydration-shampoo","/shop/","other",""
"https://rempireshop.com/en-lt/products/paul-mitchell-super-smooth-conditioner","/shop/","other",""
"https://rempireshop.com/en-lt/products/paul-mitchell-super-smooth-shampoo","/shop/","other",""
"https://rempireshop.com/en-lt/products/paul-mitchell-super-skinny-serum","/shop/","other",""
"https://rempireshop.com/en-lt/products/paul-mitchell-awapuhi-shampoo-1","/shop/","other",""
"https://rempireshop.com/en-lt/products/paul-mitchell-awapuhi-wild-ginger-repair-cream-rinse","/shop/","other",""
"https://rempireshop.com/en-lt/products/paul-mitchell-mitch-double-hitter-2-in-1-shampoo-conditioner","/shop/","other",""
"https://rempireshop.com/en-lt/products/paul-mitchell-forever-blonde-shampoo","/shop/","other",""
"https://rempireshop.com/en-lt/products/paul-mitchell-forever-blonde-conditioner","/shop/","other",""
"https://rempireshop.com/en-lt/products/paul-mitchell-extra-body-daily-shampoo","/shop/","other",""
"https://rempireshop.com/en-lt/products/paul-mitchell-curl-round-trip-defining-serum","/shop/","other",""
"https://rempireshop.com/en-lt/products/paul-mitchell-curl-full-circle-leave-in-cream","/shop/","other",""
"https://rempireshop.com/en-lt/products/paul-mitchell-curl-twirl-around-cream-serum","/shop/","other",""
"https://rempireshop.com/en-lt/products/paul-mitchell-curl-refreshing-mist","/shop/","other",""
"https://rempireshop.com/en-lt/products/paul-mitchell-curl-hydrating-foam","/shop/","other",""
"https://rempireshop.com/en-lt/products/paul-mitchell-clear-essential-shampoo","/shop/","other",""
"https://rempireshop.com/en-lt/products/paul-mitchell-clear-essential-conditioner","/shop/","other",""
"https://rempireshop.com/en-lt/products/paul-mitchell-clear-styling-glaze","/shop/","other",""
"https://rempireshop.com/en-lt/products/paul-mitchell-clear-smoothing-serum","/shop/","other",""
"https://rempireshop.com/en-lt/products/paul-mitchell-clear-jelly-mask","/shop/","other",""
"https://rempireshop.com/en-lt/products/paul-mitchell-curl-quick-slip-styling-cream","/shop/","other",""
"https://rempireshop.com/en-lt/products/paul-mitchell-awapuhi-texturizing-sea-spray","/shop/","other",""
"https://rempireshop.com/en-lt/products/paul-mitchell-mitch-construction-paste-flexible-styling-paste","/shop/","other",""
"https://rempireshop.com/en-lt/products/paul-mitchell-mitch-steady-grip-styling-gel","/shop/","other",""
"https://rempireshop.com/en-lt/pages/contact","/shop/","other",""
"https://rempireshop.com/en-lt/pages/right-to-return","/shop/","other",""
"https://rempireshop.com/en-lt/pages/data-sharing-opt-out","/shop/","other",""
"https://rempireshop.com/en-lt/collections/soap","/shop/","other",""
"https://rempireshop.com/en-lt/collections/shop-all-1","/shop/","other",""
"https://rempireshop.com/en-lt/collections/kevin-murphy","/shop/","other",""
"https://rempireshop.com/en-lt/collections/cosmetics","/shop/","other",""
"https://rempireshop.com/en-lt/collections/rempire-merch","/shop/","other",""
"https://rempireshop.com/en-lt/collections/system-4","/shop/","other",""
"https://rempireshop.com/en-lt/collections/lumin-skin","/shop/","other",""
"https://rempireshop.com/en-lt/collections/captain-fawcett","/shop/","other",""
"https://rempireshop.com/en-lt/collections/cbd-daily-haircare","/shop/","other",""
"https://rempireshop.com/en-lt/collections/hair-care","/shop/","other",""
"https://rempireshop.com/en-lt/collections/skin-care","/shop/","other",""
"https://rempireshop.com/en-lt/collections/beard-care","/shop/","other",""
"https://rempireshop.com/en-lt/collections/black-friday","/shop/","other",""
"https://rempireshop.com/en-lt/collections/black-friday-1","/shop/","other",""
"https://rempireshop.com/en-lt/collections/korean-cosmetics","/shop/","other",""
"https://rempireshop.com/en-lt/collections/davines","/shop/","other",""
"https://rempireshop.com/en-lt/collections/winter-deals","/shop/","other",""
"https://rempireshop.com/en-lt/collections/brands","/shop/","other",""
"https://rempireshop.com/en-lt/collections/top-brands","/shop/","other",""
"https://rempireshop.com/en-lt/collections/hair-styling","/shop/","other",""
"https://rempireshop.com/en-lt/collections/shampoo","/shop/","other",""
"https://rempireshop.com/en-lt/collections/conditioner","/shop/","other",""
"https://rempireshop.com/en-lt/collections/hair-spray","/shop/","other",""
"https://rempireshop.com/en-lt/collections/rempire-merch-1","/shop/","other",""
"https://rempireshop.com/en-lt/collections/scalp-treatment","/shop/","other",""
"https://rempireshop.com/en-lt/collections/hair-mask","/shop/","other",""
"https://rempireshop.com/en-lt/collections/hair-lotion","/shop/","other",""
"https://rempireshop.com/en-lt/collections/hair-wax","/shop/","other",""
"https://rempireshop.com/en-lt/collections/beard-oil","/shop/","other",""
"https://rempireshop.com/en-lt/collections/beard-balm","/shop/","other",""
"https://rempireshop.com/en-lt/collections/beard-and-mustache-wax","/shop/","other",""
"https://rempireshop.com/en-lt/collections/shaving","/shop/","other",""
"https://rempireshop.com/en-lt/collections/aftershave","/shop/","other",""
"https://rempireshop.com/en-lt/collections/beard-styling","/shop/","other",""
"https://rempireshop.com/en-lt/collections/lotions-and-toners","/shop/","other",""
"https://rempireshop.com/en-lt/collections/moisturizer","/shop/","other",""
"https://rempireshop.com/en-lt/collections/soap-and-body-wash","/shop/","other",""
"https://rempireshop.com/en-lt/collections/face-sheet-masks","/shop/","other",""
"https://rempireshop.com/en-lt/collections/body-care","/shop/","other",""
"https://rempireshop.com/en-lt/collections/perfume","/shop/","other",""
"https://rempireshop.com/en-lt/collections/face-care","/shop/","other",""
"https://rempireshop.com/en-lt/collections/eye-care","/shop/","other",""
"https://rempireshop.com/en-lt/collections/merch","/shop/","other",""
"https://rempireshop.com/en-lt/collections/all-products","/shop/","other",""
"https://rempireshop.com/en-lt/collections/new-products","/shop/","other",""
"https://rempireshop.com/en-lt/collections/popular-products","/shop/","other",""
"https://rempireshop.com/en-lt/collections/latest-arrivals","/shop/","other",""
"https://rempireshop.com/en-lt/blogs/news","/shop/","other",""
"https://rempireshop.com/en-lt/blogs/blog","/shop/","other",""
"https://rempireshop.com/en-lt/blogs/news/the-ultimate-guide-on-how-to-moisturize-your-skin-for-a-healthy-glow","/shop/","other",""
"https://rempireshop.com/en-fi","/shop/","other",""
"https://rempireshop.com/en-fi/products/handmade-soap-666","/shop/","other",""
"https://rempireshop.com/en-fi/products/handmade-soap-rule-nr-1","/shop/","other",""
"https://rempireshop.com/en-fi/products/delivery","/shop/","other",""
"https://rempireshop.com/en-fi/products/deep-cut-t-shirt-with-an-extended-back","/shop/","other",""
"https://rempireshop.com/en-fi/products/king-of-the-night-deep-cut-t-shirt-with-an-extended-back","/shop/","other",""
"https://rempireshop.com/en-fi/products/three-kings","/shop/","other",""
"https://rempireshop.com/en-fi/products/free-hold","/shop/","other",""
"https://rempireshop.com/en-fi/products/maxi-wash","/shop/","other",""
"https://rempireshop.com/en-fi/products/stimulate-me-wash","/shop/","other",""
"https://rempireshop.com/en-fi/products/stimulate-me-rinse","/shop/","other",""
"https://rempireshop.com/en-fi/products/thick-again","/shop/","other",""
"https://rempireshop.com/en-fi/products/easy-rider","/shop/","other",""
"https://rempireshop.com/en-fi/products/night-rider","/shop/","other",""
"https://rempireshop.com/en-fi/products/rough-rider","/shop/","other",""
"https://rempireshop.com/en-fi/products/super-goo","/shop/","other",""
"https://rempireshop.com/en-fi/products/killer-waves","/shop/","other",""
"https://rempireshop.com/en-fi/products/killer-curls","/shop/","other",""
"https://rempireshop.com/en-fi/products/leave-in-repair","/shop/","other",""
"https://rempireshop.com/en-fi/products/repair-me-rinse","/shop/","other",""
"https://rempireshop.com/en-fi/products/touchable","/shop/","other",""
"https://rempireshop.com/en-fi/products/repair-me-wash","/shop/","other",""
"https://rempireshop.com/en-fi/products/cbd-daily-shampoo","/shop/","other",""
"https://rempireshop.com/en-fi/products/cbd-daily-conditioner","/shop/","other",""
"https://rempireshop.com/en-fi/products/system-4-special-shampoo-1","/shop/","other",""
"https://rempireshop.com/en-fi/products/system-4-balancing-shampoo-2","/shop/","other",""
"https://rempireshop.com/en-fi/products/system-4-shale-oil-shampoo-4","/shop/","other",""
"https://rempireshop.com/en-fi/products/system-4-hydro-care-conditioner-h","/shop/","other",""
"https://rempireshop.com/en-fi/products/sim-sensitive-system-4-oil-cure-scalp-treatment-o","/shop/","other",""
"https://rempireshop.com/en-fi/products/sim-sensitive-system-4-scalp-tonic-t","/shop/","other",""
"https://rempireshop.com/en-fi/products/sim-sensitive-system-4-chitosan-hair-repair-r","/shop/","other",""
"https://rempireshop.com/en-fi/products/system-4-mild-shampoo-3","/shop/","other",""
"https://rempireshop.com/en-fi/products/system-4-moisture-scalp-lotion-m","/shop/","other",""
"https://rempireshop.com/en-fi/products/system-4-bio-botanical-serum","/shop/","other",""
"https://rempireshop.com/en-fi/products/system-4-bio-botanical-shampoo","/shop/","other",""
"https://rempireshop.com/en-fi/products/system-4-bio-botanical-vital-cure","/shop/","other",""
"https://rempireshop.com/en-fi/products/powder-puff","/shop/","other",""
"https://rempireshop.com/en-fi/products/hair-resort-spray","/shop/","other",""
"https://rempireshop.com/en-fi/products/bedroom-hair","/shop/","other",""
"https://rempireshop.com/en-fi/products/heated-defense","/shop/","other",""
"https://rempireshop.com/en-fi/products/blow-dry-ever-smooth","/shop/","other",""
"https://rempireshop.com/en-fi/products/doo-over","/shop/","other",""
"https://rempireshop.com/en-fi/products/anti-gravity","/shop/","other",""
"https://rempireshop.com/en-fi/products/anti-gravity-spray","/shop/","other",""
"https://rempireshop.com/en-fi/products/killer-curls-wash","/shop/","other",""
"https://rempireshop.com/en-fi/products/killer-curls-rinse","/shop/","other",""
"https://rempireshop.com/en-fi/products/hair-resort","/shop/","other",""
"https://rempireshop.com/en-fi/products/queen-of-colours","/shop/","other",""
"https://rempireshop.com/en-fi/products/kevin-murphy-killer-twirls","/shop/","other",""
"https://rempireshop.com/en-fi/products/kevin-murphy-motion-lotion","/shop/","other",""
"https://rempireshop.com/en-fi/products/lumin-skin-charcoal-scrub-deep-detox","/shop/","other",""
"https://rempireshop.com/en-fi/products/lumin-skin-dark-circle-defense-balm","/shop/","other",""
"https://rempireshop.com/en-fi/products/lumin-skin-charcoal-face-wash-daily-detox","/shop/","other",""
"https://rempireshop.com/en-fi/products/lumin-skin-wrinkle-defense-serum","/shop/","other",""
"https://rempireshop.com/en-fi/products/lumin-skin-recovery-oil","/shop/","other",""
"https://rempireshop.com/en-fi/products/lumin-skin-keratin-fortifying-conditioner","/shop/","other",""
"https://rempireshop.com/en-fi/products/captain-fawcett-beard-oil-cf-332-private-stock","/shop/","other",""
"https://rempireshop.com/en-fi/products/captain-fawcett-whisky-beard-oil","/shop/","other",""
"https://rempireshop.com/en-fi/products/captain-fawcett-triumphant-beard-oil","/shop/","other",""
"https://rempireshop.com/en-fi/products/captain-fawcett-ricki-hall-booze-baccy-beard-oil","/shop/","other",""
"https://rempireshop.com/en-fi/products/captain-fawcett-barberism%C2%AE-beard-oil","/shop/","other",""
"https://rempireshop.com/en-fi/products/captain-fawcett-nebula-john-petrucci-beard-oil","/shop/","other",""
"https://rempireshop.com/en-fi/products/captain-fawcett-maharajah-beard-oil","/shop/","other",""
"https://rempireshop.com/en-fi/products/captain-fawcett-sea-salt-spray","/shop/","other",""
"https://rempireshop.com/en-fi/products/captain-fawcett-barberism%C2%AE-moustache-wax","/shop/","other",""
"https://rempireshop.com/en-fi/products/captain-fawcett-ricki-hall-booze-baccy-moustache-wax","/shop/","other",""
"https://rempireshop.com/en-fi/products/captain-fawcett-nebula-moustache-wax","/shop/","other",""
"https://rempireshop.com/en-fi/products/captain-fawcett-ricki-hall-booze-baccy-beard-balm","/shop/","other",""
"https://rempireshop.com/en-fi/products/captain-fawcett-sid-sottung-barberism%C2%AE-beard-balm","/shop/","other",""
"https://rempireshop.com/en-fi/products/captain-fawcett-nebula-john-petrucci-beard-balm","/shop/","other",""
"https://rempireshop.com/en-fi/products/kevin-muprhy-blonde-angel-wash","/shop/","other",""
"https://rempireshop.com/en-fi/products/kevin-murphy-blonde-angel","/shop/","other",""
"https://rempireshop.com/en-fi/products/kevin-murphy-angel-rinse","/shop/","other",""
"https://rempireshop.com/en-fi/products/kevin-murphy-angel-wash","/shop/","other",""
"https://rempireshop.com/en-fi/products/kevin-murphy-hydrate-me-rinse","/shop/","other",""
"https://rempireshop.com/en-fi/products/kevin-muprhy-hydrate-me-wash","/shop/","other",""
"https://rempireshop.com/en-fi/products/kevin-murphy-shimmer-me-blonde","/shop/","other",""
"https://rempireshop.com/en-fi/products/dead-head-butterfly","/shop/","other",""
"https://rempireshop.com/en-fi/products/davines-hair-beard-body-wash","/shop/","other",""
"https://rempireshop.com/en-fi/products/davines-medium-hold-styling-paste","/shop/","other",""
"https://rempireshop.com/en-fi/products/davines-non-foaming-transparent-shaving-gel","/shop/","other",""
"https://rempireshop.com/en-fi/products/davines-softening-shaving-gel","/shop/","other",""
"https://rempireshop.com/en-fi/products/davines-pre-shaving-beard-oil","/shop/","other",""
"https://rempireshop.com/en-fi/products/davines-pasta-love-strong-hold-mat-clay","/shop/","other",""
"https://rempireshop.com/en-fi/products/kevin-muprhy-plumping-wash","/shop/","other",""
"https://rempireshop.com/en-fi/products/kevin-muprhy-plumping-rinse","/shop/","other",""
"https://rempireshop.com/en-fi/products/kevin-muprhy-shimmer-shine","/shop/","other",""
"https://rempireshop.com/en-fi/products/kevin-murphy-young-again-wash","/shop/","other",""
"https://rempireshop.com/en-fi/products/kevin-murphy-young-again-rinse","/shop/","other",""
"https://rempireshop.com/en-fi/products/kevin-murphy-young-again-masque","/shop/","other",""
"https://rempireshop.com/en-fi/products/kevin-murphy-young-again-oil","/shop/","other",""
"https://rempireshop.com/en-fi/products/kevin-murphy-staying-alive-spray","/shop/","other",""
"https://rempireshop.com/en-fi/products/kevin-murphy-smooth-again-rinse","/shop/","other",""
"https://rempireshop.com/en-fi/products/kevin-murphy-smooth-again","/shop/","other",""
"https://rempireshop.com/en-fi/products/kevin-murphy-hydrate-me-masque","/shop/","other",""
"https://rempireshop.com/en-fi/products/kevin-murphy-everlasting-colour-wash","/shop/","other",""
"https://rempireshop.com/en-fi/products/kevin-murphy-everlasting-colour-rinse","/shop/","other",""
"https://rempireshop.com/en-fi/products/kevin-murphy-everlasting-colour-leave-in","/shop/","other",""
"https://rempireshop.com/en-fi/products/kevin-murphy-body-mass","/shop/","other",""
"https://rempireshop.com/en-fi/products/kevin-murphy-crystal-angel","/shop/","other",""
"https://rempireshop.com/en-fi/products/kevin-murphy-blow-dry-rinse","/shop/","other",""
"https://rempireshop.com/en-fi/products/kevin-murphy-blow-dry-wash","/shop/","other",""
"https://rempireshop.com/en-fi/products/kevin-murphy-full-again","/shop/","other",""
"https://rempireshop.com/en-fi/products/kevin-murphy-un-tangled-spray","/shop/","other",""
"https://rempireshop.com/en-fi/products/kevin-murphy-session-spray-flex","/shop/","other",""
"https://rempireshop.com/en-fi/products/kevin-murphy-session-spray","/shop/","other",""
"https://rempireshop.com/en-fi/products/davines-the-renaissance-circle","/shop/","other",""
"https://rempireshop.com/en-fi/products/davines-the-restless-circle","/shop/","other",""
"https://rempireshop.com/en-fi/products/davines-the-spotlight-circle","/shop/","other",""
"https://rempireshop.com/en-fi/products/davines-the-quick-fix-circle","/shop/","other",""
"https://rempireshop.com/en-fi/products/kevin-murphy-angel-masque","/shop/","other",""
"https://rempireshop.com/en-fi/products/davines-rebalancing-shampoo","/shop/","other",""
"https://rempireshop.com/en-fi/products/davines-replumping-shampoo","/shop/","other",""
"https://rempireshop.com/en-fi/products/davines-energizing-shampoo","/shop/","other",""
"https://rempireshop.com/en-fi/products/davines-purifying-shampoo","/shop/","other",""
"https://rempireshop.com/en-fi/products/davines-nourishing-shampoo","/shop/","other",""
"https://rempireshop.com/en-fi/products/davines-calming-shampoo","/shop/","other",""
"https://rempireshop.com/en-fi/products/davines-detoxifying-scrub-shampoo","/shop/","other",""
"https://rempireshop.com/en-fi/products/davines-wellbeing-shampoo","/shop/","other",""
"https://rempireshop.com/en-fi/products/davines-renewing-shampoo","/shop/","other",""
"https://rempireshop.com/en-fi/products/young-again-dry-conditioner","/shop/","other",""
"https://rempireshop.com/en-fi/products/kevin-murphy-fresh-hair-1","/shop/","other",""
"https://rempireshop.com/en-fi/products/kevin-murphy-smooth-again-wash","/shop/","other",""
"https://rempireshop.com/en-fi/products/cosrx-aloe-sun-cream","/shop/","other",""
"https://rempireshop.com/en-fi/products/cosrx-advanced-snail-96-mucin-power-essence","/shop/","other",""
"https://rempireshop.com/en-fi/products/cosrx-advanced-snail-hydrogel-eye-patch-60pcs","/shop/","other",""
"https://rempireshop.com/en-fi/products/cosrx-advanced-snail-92-all-in-one-cream","/shop/","other",""
"https://rempireshop.com/en-fi/products/anua-heartleaf-77-soothing-toner","/shop/","other",""
"https://rempireshop.com/en-fi/products/laneige-cica-sleeping-mask","/shop/","other",""
"https://rempireshop.com/en-fi/products/gummy-sheet-mask-madecassoside-sticker","/shop/","other",""
"https://rempireshop.com/en-fi/products/real-nature-green-tea-mask-sheet","/shop/","other",""
"https://rempireshop.com/en-fi/products/gatsby-moving-rubber-wild-shake-15g","/shop/","other",""
"https://rempireshop.com/en-fi/products/gatsby-moving-rubber-hair-wax-80g","/shop/","other",""
"https://rempireshop.com/en-fi/products/body-builder","/shop/","other",""
"https://rempireshop.com/en-fi/products/oversized-t-shirt-unisex","/shop/","other",""
"https://rempireshop.com/en-fi/products/oversized-t-shirt-unisex-with-print","/shop/","other",""
"https://rempireshop.com/en-fi/products/siim-hanikat-x-rempire","/shop/","other",""
"https://rempireshop.com/en-fi/products/kevin-murphy-re-store","/shop/","other",""
"https://rempireshop.com/en-fi/products/proraso-beard-oil-wood-spice-cedar-wood-citrus-fragrance-30ml","/shop/","other",""
"https://rempireshop.com/en-fi/products/proraso-beard-oil-cypress-vetyver-30ml","/shop/","other",""
"https://rempireshop.com/en-fi/products/proraso-beard-oil-green-refreshing-30ml","/shop/","other",""
"https://rempireshop.com/en-fi/products/proraso-beard-oil-azur-lime-30ml","/shop/","other",""
"https://rempireshop.com/en-fi/products/proraso-green-refreshing-aftershave-lotion-menthol-splash-100ml","/shop/","other",""
"https://rempireshop.com/en-fi/products/proraso-red-nourishing-aftershave-lotion-100ml","/shop/","other",""
"https://rempireshop.com/en-fi/products/proraso-aftershave-balm-green-refreshing-alcohol-free-mentholated-100ml","/shop/","other",""
"https://rempireshop.com/en-fi/products/proraso-blue-protect-aftershave-balm-aloe-and-vitamin-e-100ml","/shop/","other",""
"https://rempireshop.com/en-fi/products/proraso-white-aftershave-balm-soothing-for-sensitive-skin-100ml","/shop/","other",""
"https://rempireshop.com/en-fi/products/captain-fawcett-expedition-reserve-matt-styling-and-volumising-hair-powder","/shop/","other",""
"https://rempireshop.com/en-fi/products/cosrx-aha-bha-clarifying-treatment-toner","/shop/","other",""
"https://rempireshop.com/en-fi/products/cosrx-low-ph-good-morning-gel-cleanser","/shop/","other",""
"https://rempireshop.com/en-fi/products/cosrx-full-fit-propolis-synergy-toner","/shop/","other",""
"https://rempireshop.com/en-fi/products/anua-heartleaf-pore-control-cleansing-oil","/shop/","other",""
"https://rempireshop.com/en-fi/products/gatsby-moving-rubber-grunge-mat-grey-hair-wax","/shop/","other",""
"https://rempireshop.com/en-fi/products/kilian-unisex-kologne-shield-of-protection-eau-de-parfum-spray-50ml","/shop/","other",""
"https://rempireshop.com/en-fi/products/tom-ford-neroli-port-eau-de-parfum-spray-50ml","/shop/","other",""
"https://rempireshop.com/en-fi/products/tom-ford-black-orchid-eau-de-perfume-spray-100ml","/shop/","other",""
"https://rempireshop.com/en-fi/products/creed-aventus-eau-de-parfum-for-men-50ml","/shop/","other",""
"https://rempireshop.com/en-fi/products/byredo-blanche-50ml","/shop/","other",""
"https://rempireshop.com/en-fi/products/baccarat-rouge-540-eau-de-parfum-70ml","/shop/","other",""
"https://rempireshop.com/en-fi/products/yumain-tattoo-cream","/shop/","other",""
"https://rempireshop.com/en-fi/products/yumain-tattoo-balm-the-ultimate-care-for-your-tattoos","/shop/","other",""
"https://rempireshop.com/en-fi/products/yumain-aftercare-washing-foam-expert-care-for-your-tattoos","/shop/","other",""
"https://rempireshop.com/en-fi/products/byredo-mojave-ghost-eau-de-parfum-spray-50ml","/shop/","other",""
"https://rempireshop.com/en-fi/products/anua-heartleaf-quercetinol-pore-deep-cleansing-foam","/shop/","other",""
"https://rempireshop.com/en-fi/products/anua-niacinamide-10-txa-4-serum","/shop/","other",""
"https://rempireshop.com/en-fi/products/anua-bha-2-gentle-exfoliating-toner-150ml","/shop/","other",""
"https://rempireshop.com/en-fi/products/mandom-gatsby-moving-rubber","/shop/","other",""
"https://rempireshop.com/en-fi/products/roja-scandal-parfum-pour-femme-50ml","/shop/","other",""
"https://rempireshop.com/en-fi/products/christian-dior-homme-intense-eau-de-parfum-50ml","/shop/","other",""
"https://rempireshop.com/en-fi/products/xerjoff-tony-iommi-monkey-special-50ml","/shop/","other",""
"https://rempireshop.com/en-fi/products/xerjoff-1861-naxos-eau-de-parfum-100ml","/shop/","other",""
"https://rempireshop.com/en-fi/products/proraso-azur-lime-after-shave-balm-100-ml","/shop/","other",""
"https://rempireshop.com/en-fi/products/proraso-wood-spice-beard-balm-100ml","/shop/","other",""
"https://rempireshop.com/en-fi/products/yumain-numb-serum-instant-pain-relief-for-tattoos","/shop/","other",""
"https://rempireshop.com/en-fi/products/guerlain-aqua-allegoria-forte-bosca-vanilla-edp-125ml","/shop/","other",""
"https://rempireshop.com/en-fi/products/guerlain-habit-rouge-eau-de-parfum-100ml","/shop/","other",""
"https://rempireshop.com/en-fi/products/versace-man-fraiche-eau-de-toilette-for-men-100ml","/shop/","other",""
"https://rempireshop.com/en-fi/products/creed-creed-aventus-cologne-50ml","/shop/","other",""
"https://rempireshop.com/en-fi/products/davines-naturaltech-nourishing-keratin-sealer-100-ml","/shop/","other",""
"https://rempireshop.com/en-fi/products/davines-naturaltech-nourishing-keratin-booster-100ml","/shop/","other",""
"https://rempireshop.com/en-fi/products/oversized-t-shirt-unisex-with-print-love-is-the-gun","/shop/","other",""
"https://rempireshop.com/en-fi/products/oversized-t-shirt-unisex-with-print-t-shirt-three-elements-fire","/shop/","other",""
"https://rempireshop.com/en-fi/products/oversized-t-shirt-unisex-with-print-t-shirt-three-elements-water","/shop/","other",""
"https://rempireshop.com/en-fi/products/oversized-t-shirt-unisex-with-print-three-elements-air","/shop/","other",""
"https://rempireshop.com/en-fi/products/kevin-murphy-night-shift-100ml","/shop/","other",""
"https://rempireshop.com/en-fi/products/byredo-blanche-body-wash-225-ml-for-women","/shop/","other",""
"https://rempireshop.com/en-fi/products/paul-mitchell-tea-tree-special-shampoo","/shop/","other",""
"https://rempireshop.com/en-fi/products/paul-mitchell-tea-tree-special-conditioner","/shop/","other",""
"https://rempireshop.com/en-fi/products/paul-mitchell-shampoo-two","/shop/","other",""
"https://rempireshop.com/en-fi/products/paul-mitchell-tea-tree-lavender-mint-shampoo","/shop/","other",""
"https://rempireshop.com/en-fi/products/paul-mitchell-awapuhi-shampoo","/shop/","other",""
"https://rempireshop.com/en-fi/products/paul-mitchell-awapuhi-conditioner","/shop/","other",""
"https://rempireshop.com/en-fi/products/paul-mitchell-color-protect-shampoo","/shop/","other",""
"https://rempireshop.com/en-fi/products/paul-mitchell-color-protect-conditioner","/shop/","other",""
"https://rempireshop.com/en-fi/products/paul-mitchell-sheer-hydration-conditioner","/shop/","other",""
"https://rempireshop.com/en-fi/products/paul-mitchell-tea-tree-special-conditioner-1","/shop/","other",""
"https://rempireshop.com/en-fi/products/paul-mitchell-sheer-hydration-shampoo","/shop/","other",""
"https://rempireshop.com/en-fi/products/paul-mitchell-super-smooth-conditioner","/shop/","other",""
"https://rempireshop.com/en-fi/products/paul-mitchell-super-smooth-shampoo","/shop/","other",""
"https://rempireshop.com/en-fi/products/paul-mitchell-super-skinny-serum","/shop/","other",""
"https://rempireshop.com/en-fi/products/paul-mitchell-awapuhi-shampoo-1","/shop/","other",""
"https://rempireshop.com/en-fi/products/paul-mitchell-awapuhi-wild-ginger-repair-cream-rinse","/shop/","other",""
"https://rempireshop.com/en-fi/products/paul-mitchell-mitch-double-hitter-2-in-1-shampoo-conditioner","/shop/","other",""
"https://rempireshop.com/en-fi/products/paul-mitchell-forever-blonde-shampoo","/shop/","other",""
"https://rempireshop.com/en-fi/products/paul-mitchell-forever-blonde-conditioner","/shop/","other",""
"https://rempireshop.com/en-fi/products/paul-mitchell-extra-body-daily-shampoo","/shop/","other",""
"https://rempireshop.com/en-fi/products/paul-mitchell-curl-round-trip-defining-serum","/shop/","other",""
"https://rempireshop.com/en-fi/products/paul-mitchell-curl-full-circle-leave-in-cream","/shop/","other",""
"https://rempireshop.com/en-fi/products/paul-mitchell-curl-twirl-around-cream-serum","/shop/","other",""
"https://rempireshop.com/en-fi/products/paul-mitchell-curl-refreshing-mist","/shop/","other",""
"https://rempireshop.com/en-fi/products/paul-mitchell-curl-hydrating-foam","/shop/","other",""
"https://rempireshop.com/en-fi/products/paul-mitchell-clear-essential-shampoo","/shop/","other",""
"https://rempireshop.com/en-fi/products/paul-mitchell-clear-essential-conditioner","/shop/","other",""
"https://rempireshop.com/en-fi/products/paul-mitchell-clear-styling-glaze","/shop/","other",""
"https://rempireshop.com/en-fi/products/paul-mitchell-clear-smoothing-serum","/shop/","other",""
"https://rempireshop.com/en-fi/products/paul-mitchell-clear-jelly-mask","/shop/","other",""
"https://rempireshop.com/en-fi/products/paul-mitchell-curl-quick-slip-styling-cream","/shop/","other",""
"https://rempireshop.com/en-fi/products/paul-mitchell-awapuhi-texturizing-sea-spray","/shop/","other",""
"https://rempireshop.com/en-fi/products/paul-mitchell-mitch-construction-paste-flexible-styling-paste","/shop/","other",""
"https://rempireshop.com/en-fi/products/paul-mitchell-mitch-steady-grip-styling-gel","/shop/","other",""
"https://rempireshop.com/en-fi/pages/contact","/shop/","other",""
"https://rempireshop.com/en-fi/pages/right-to-return","/shop/","other",""
"https://rempireshop.com/en-fi/pages/data-sharing-opt-out","/shop/","other",""
"https://rempireshop.com/en-fi/collections/soap","/shop/","other",""
"https://rempireshop.com/en-fi/collections/shop-all-1","/shop/","other",""
"https://rempireshop.com/en-fi/collections/kevin-murphy","/shop/","other",""
"https://rempireshop.com/en-fi/collections/cosmetics","/shop/","other",""
"https://rempireshop.com/en-fi/collections/rempire-merch","/shop/","other",""
"https://rempireshop.com/en-fi/collections/system-4","/shop/","other",""
"https://rempireshop.com/en-fi/collections/lumin-skin","/shop/","other",""
"https://rempireshop.com/en-fi/collections/captain-fawcett","/shop/","other",""
"https://rempireshop.com/en-fi/collections/cbd-daily-haircare","/shop/","other",""
"https://rempireshop.com/en-fi/collections/hair-care","/shop/","other",""
"https://rempireshop.com/en-fi/collections/skin-care","/shop/","other",""
"https://rempireshop.com/en-fi/collections/beard-care","/shop/","other",""
"https://rempireshop.com/en-fi/collections/black-friday","/shop/","other",""
"https://rempireshop.com/en-fi/collections/black-friday-1","/shop/","other",""
"https://rempireshop.com/en-fi/collections/korean-cosmetics","/shop/","other",""
"https://rempireshop.com/en-fi/collections/davines","/shop/","other",""
"https://rempireshop.com/en-fi/collections/winter-deals","/shop/","other",""
"https://rempireshop.com/en-fi/collections/brands","/shop/","other",""
"https://rempireshop.com/en-fi/collections/top-brands","/shop/","other",""
"https://rempireshop.com/en-fi/collections/hair-styling","/shop/","other",""
"https://rempireshop.com/en-fi/collections/shampoo","/shop/","other",""
"https://rempireshop.com/en-fi/collections/conditioner","/shop/","other",""
"https://rempireshop.com/en-fi/collections/hair-spray","/shop/","other",""
"https://rempireshop.com/en-fi/collections/rempire-merch-1","/shop/","other",""
"https://rempireshop.com/en-fi/collections/scalp-treatment","/shop/","other",""
"https://rempireshop.com/en-fi/collections/hair-mask","/shop/","other",""
"https://rempireshop.com/en-fi/collections/hair-lotion","/shop/","other",""
"https://rempireshop.com/en-fi/collections/hair-wax","/shop/","other",""
"https://rempireshop.com/en-fi/collections/beard-oil","/shop/","other",""
"https://rempireshop.com/en-fi/collections/beard-balm","/shop/","other",""
"https://rempireshop.com/en-fi/collections/beard-and-mustache-wax","/shop/","other",""
"https://rempireshop.com/en-fi/collections/shaving","/shop/","other",""
"https://rempireshop.com/en-fi/collections/aftershave","/shop/","other",""
"https://rempireshop.com/en-fi/collections/beard-styling","/shop/","other",""
"https://rempireshop.com/en-fi/collections/lotions-and-toners","/shop/","other",""
"https://rempireshop.com/en-fi/collections/moisturizer","/shop/","other",""
"https://rempireshop.com/en-fi/collections/soap-and-body-wash","/shop/","other",""
"https://rempireshop.com/en-fi/collections/face-sheet-masks","/shop/","other",""
"https://rempireshop.com/en-fi/collections/body-care","/shop/","other",""
"https://rempireshop.com/en-fi/collections/perfume","/shop/","other",""
"https://rempireshop.com/en-fi/collections/face-care","/shop/","other",""
"https://rempireshop.com/en-fi/collections/eye-care","/shop/","other",""
"https://rempireshop.com/en-fi/collections/merch","/shop/","other",""
"https://rempireshop.com/en-fi/collections/all-products","/shop/","other",""
"https://rempireshop.com/en-fi/collections/new-products","/shop/","other",""
"https://rempireshop.com/en-fi/collections/popular-products","/shop/","other",""
"https://rempireshop.com/en-fi/collections/latest-arrivals","/shop/","other",""
"https://rempireshop.com/en-fi/blogs/news","/shop/","other",""
"https://rempireshop.com/en-fi/blogs/blog","/shop/","other",""
"https://rempireshop.com/en-fi/blogs/news/the-ultimate-guide-on-how-to-moisturize-your-skin-for-a-healthy-glow","/shop/","other",""